time="2026-09-14T19:08:40.218310176Z" level=info msg="Starting up"
time="2026-09-14T19:08:40.218374572Z" level=warning msg="Running experimental build"
time="2026-09-14T19:08:40.219114053Z" level=debug msg="Listener created for HTTP on unix (/run/book1102-worker.sock)"
time="2026-09-14T19:08:40.219264528Z" level=info msg="detected 127.0.0.53 nameserver, assuming systemd-resolved, so using resolv.conf: /run/systemd/resolve/resolv.conf"
time="2026-09-14T19:08:40.219390184Z" level=debug msg="Golang's threads limit set to 1387350"
time="2026-09-14T19:08:40.219787398Z" level=debug msg="metrics API listening on /run/book1102-worker/metrics.sock"
time="2026-09-14T19:08:40.221993632Z" level=debug msg="Using default logging driver json-file"
time="2026-09-14T19:08:40.222113913Z" level=debug msg="No quota support for local volumes in /home/ubuntu/ai-infra-book-experiments/ch11/11-02/docker-lifecycle/isolated-daemon/full-worker/data/volumes: Filesystem does not support, or has not enabled quotas"
time="2026-09-14T19:08:40.222132570Z" level=debug msg="processing event stream" module=libcontainerd namespace=plugins.moby
time="2026-09-14T19:08:40.309595774Z" level=debug msg="[graphdriver] priority list: [overlay2 fuse-overlayfs btrfs zfs devicemapper vfs]"
time="2026-09-14T19:08:40.327174067Z" level=debug msg="successfully detected metacopy status" storage-driver=overlay2 usingMetacopy=false
time="2026-09-14T19:08:40.330539158Z" level=debug msg="backingFs=extfs, projectQuotaSupported=false, usingMetacopy=false, indexOff=\"index=off,\", userxattr=\"\"" storage-driver=overlay2
time="2026-09-14T19:08:40.330556538Z" level=debug msg="Initialized graph driver overlay2"
time="2026-09-14T19:08:40.334292481Z" level=debug msg="Max Concurrent Downloads: 3"
time="2026-09-14T19:08:40.334302414Z" level=debug msg="Max Concurrent Uploads: 5"
time="2026-09-14T19:08:40.334306919Z" level=debug msg="Max Download Attempts: 5"
time="2026-09-14T19:08:40.334330071Z" level=info msg="Loading containers: start."
time="2026-09-14T19:08:40.334360536Z" level=debug msg="Option DefaultDriver: bridge"
time="2026-09-14T19:08:40.334367617Z" level=debug msg="Option DefaultNetwork: bridge"
time="2026-09-14T19:08:40.334371775Z" level=debug msg="Network Control Plane MTU: 1500"
time="2026-09-14T19:08:40.334430110Z" level=debug msg="processing event stream" module=libcontainerd namespace=book1102
time="2026-09-14T19:08:40.370895703Z" level=info msg="Loading containers: done."
time="2026-09-14T19:08:40.384794675Z" level=warning msg="WARNING: bridge-nf-call-iptables is disabled"
time="2026-09-14T19:08:40.384817978Z" level=warning msg="WARNING: bridge-nf-call-ip6tables is disabled"
time="2026-09-14T19:08:40.384833080Z" level=info msg="Docker daemon" commit=fca702d graphdriver=overlay2 version=24.0.9
time="2026-09-14T19:08:40.384917087Z" level=info msg="Daemon has completed initialization"
time="2026-09-14T19:08:40.437513969Z" level=debug msg="Registering routers"
time="2026-09-14T19:08:40.437533060Z" level=debug msg="Registering GET, /containers/{name:.*}/checkpoints"
time="2026-09-14T19:08:40.437601336Z" level=debug msg="Registering POST, /containers/{name:.*}/checkpoints"
time="2026-09-14T19:08:40.437645785Z" level=debug msg="Registering DELETE, /containers/{name}/checkpoints/{checkpoint}"
time="2026-09-14T19:08:40.437694755Z" level=debug msg="Registering HEAD, /containers/{name:.*}/archive"
time="2026-09-14T19:08:40.437741147Z" level=debug msg="Registering GET, /containers/json"
time="2026-09-14T19:08:40.437764738Z" level=debug msg="Registering GET, /containers/{name:.*}/export"
time="2026-09-14T19:08:40.437803786Z" level=debug msg="Registering GET, /containers/{name:.*}/changes"
time="2026-09-14T19:08:40.437838902Z" level=debug msg="Registering GET, /containers/{name:.*}/json"
time="2026-09-14T19:08:40.437866008Z" level=debug msg="Registering GET, /containers/{name:.*}/top"
time="2026-09-14T19:08:40.437894632Z" level=debug msg="Registering GET, /containers/{name:.*}/logs"
time="2026-09-14T19:08:40.437922727Z" level=debug msg="Registering GET, /containers/{name:.*}/stats"
time="2026-09-14T19:08:40.437952799Z" level=debug msg="Registering GET, /containers/{name:.*}/attach/ws"
time="2026-09-14T19:08:40.437998036Z" level=debug msg="Registering GET, /exec/{id:.*}/json"
time="2026-09-14T19:08:40.438022914Z" level=debug msg="Registering GET, /containers/{name:.*}/archive"
time="2026-09-14T19:08:40.438053008Z" level=debug msg="Registering POST, /containers/create"
time="2026-09-14T19:08:40.438073965Z" level=debug msg="Registering POST, /containers/{name:.*}/kill"
time="2026-09-14T19:08:40.438103845Z" level=debug msg="Registering POST, /containers/{name:.*}/pause"
time="2026-09-14T19:08:40.438138697Z" level=debug msg="Registering POST, /containers/{name:.*}/unpause"
time="2026-09-14T19:08:40.438173007Z" level=debug msg="Registering POST, /containers/{name:.*}/restart"
time="2026-09-14T19:08:40.438214547Z" level=debug msg="Registering POST, /containers/{name:.*}/start"
time="2026-09-14T19:08:40.438243984Z" level=debug msg="Registering POST, /containers/{name:.*}/stop"
time="2026-09-14T19:08:40.438267016Z" level=debug msg="Registering POST, /containers/{name:.*}/wait"
time="2026-09-14T19:08:40.438487190Z" level=debug msg="Registering POST, /containers/{name:.*}/resize"
time="2026-09-14T19:08:40.438562096Z" level=debug msg="Registering POST, /containers/{name:.*}/attach"
time="2026-09-14T19:08:40.438633050Z" level=debug msg="Registering POST, /containers/{name:.*}/copy"
time="2026-09-14T19:08:40.438687520Z" level=debug msg="Registering POST, /containers/{name:.*}/exec"
time="2026-09-14T19:08:40.438737393Z" level=debug msg="Registering POST, /exec/{name:.*}/start"
time="2026-09-14T19:08:40.438806579Z" level=debug msg="Registering POST, /exec/{name:.*}/resize"
time="2026-09-14T19:08:40.438856006Z" level=debug msg="Registering POST, /containers/{name:.*}/rename"
time="2026-09-14T19:08:40.438920065Z" level=debug msg="Registering POST, /containers/{name:.*}/update"
time="2026-09-14T19:08:40.438974371Z" level=debug msg="Registering POST, /containers/prune"
time="2026-09-14T19:08:40.439013130Z" level=debug msg="Registering POST, /commit"
time="2026-09-14T19:08:40.439048358Z" level=debug msg="Registering PUT, /containers/{name:.*}/archive"
time="2026-09-14T19:08:40.439105873Z" level=debug msg="Registering DELETE, /containers/{name:.*}"
time="2026-09-14T19:08:40.439216730Z" level=debug msg="Registering GET, /images/json"
time="2026-09-14T19:08:40.439266854Z" level=debug msg="Registering GET, /images/search"
time="2026-09-14T19:08:40.439303980Z" level=debug msg="Registering GET, /images/get"
time="2026-09-14T19:08:40.439336459Z" level=debug msg="Registering GET, /images/{name:.*}/get"
time="2026-09-14T19:08:40.439387918Z" level=debug msg="Registering GET, /images/{name:.*}/history"
time="2026-09-14T19:08:40.439435403Z" level=debug msg="Registering GET, /images/{name:.*}/json"
time="2026-09-14T19:08:40.439485974Z" level=debug msg="Registering POST, /images/load"
time="2026-09-14T19:08:40.439519535Z" level=debug msg="Registering POST, /images/create"
time="2026-09-14T19:08:40.439553566Z" level=debug msg="Registering POST, /images/{name:.*}/push"
time="2026-09-14T19:08:40.439595697Z" level=debug msg="Registering POST, /images/{name:.*}/tag"
time="2026-09-14T19:08:40.439648373Z" level=debug msg="Registering POST, /images/prune"
time="2026-09-14T19:08:40.439698983Z" level=debug msg="Registering DELETE, /images/{name:.*}"
time="2026-09-14T19:08:40.439816205Z" level=debug msg="Registering OPTIONS, /{anyroute:.*}"
time="2026-09-14T19:08:40.439840882Z" level=debug msg="Registering GET, /_ping"
time="2026-09-14T19:08:40.439859486Z" level=debug msg="Registering HEAD, /_ping"
time="2026-09-14T19:08:40.439878614Z" level=debug msg="Registering GET, /events"
time="2026-09-14T19:08:40.439901178Z" level=debug msg="Registering GET, /info"
time="2026-09-14T19:08:40.439918541Z" level=debug msg="Registering GET, /version"
time="2026-09-14T19:08:40.439935761Z" level=debug msg="Registering GET, /system/df"
time="2026-09-14T19:08:40.439954814Z" level=debug msg="Registering POST, /auth"
time="2026-09-14T19:08:40.439972902Z" level=debug msg="Registering GET, /volumes"
time="2026-09-14T19:08:40.439996953Z" level=debug msg="Registering GET, /volumes/{name:.*}"
time="2026-09-14T19:08:40.440024301Z" level=debug msg="Registering POST, /volumes/create"
time="2026-09-14T19:08:40.440047357Z" level=debug msg="Registering POST, /volumes/prune"
time="2026-09-14T19:08:40.440066307Z" level=debug msg="Registering PUT, /volumes/{name:.*}"
time="2026-09-14T19:08:40.440092294Z" level=debug msg="Registering DELETE, /volumes/{name:.*}"
time="2026-09-14T19:08:40.440116323Z" level=debug msg="Registering POST, /build"
time="2026-09-14T19:08:40.440134207Z" level=debug msg="Registering POST, /build/prune"
time="2026-09-14T19:08:40.440152642Z" level=debug msg="Registering POST, /build/cancel"
time="2026-09-14T19:08:40.440169573Z" level=debug msg="Registering POST, /session"
time="2026-09-14T19:08:40.440190342Z" level=debug msg="Registering POST, /swarm/init"
time="2026-09-14T19:08:40.440218184Z" level=debug msg="Registering POST, /swarm/join"
time="2026-09-14T19:08:40.440239672Z" level=debug msg="Registering POST, /swarm/leave"
time="2026-09-14T19:08:40.440261871Z" level=debug msg="Registering GET, /swarm"
time="2026-09-14T19:08:40.440278981Z" level=debug msg="Registering GET, /swarm/unlockkey"
time="2026-09-14T19:08:40.440297934Z" level=debug msg="Registering POST, /swarm/update"
time="2026-09-14T19:08:40.440321344Z" level=debug msg="Registering POST, /swarm/unlock"
time="2026-09-14T19:08:40.440337023Z" level=debug msg="Registering GET, /services"
time="2026-09-14T19:08:40.440352908Z" level=debug msg="Registering GET, /services/{id}"
time="2026-09-14T19:08:40.440386058Z" level=debug msg="Registering POST, /services/create"
time="2026-09-14T19:08:40.440407848Z" level=debug msg="Registering POST, /services/{id}/update"
time="2026-09-14T19:08:40.440432955Z" level=debug msg="Registering DELETE, /services/{id}"
time="2026-09-14T19:08:40.440458048Z" level=debug msg="Registering GET, /services/{id}/logs"
time="2026-09-14T19:08:40.440496038Z" level=debug msg="Registering GET, /nodes"
time="2026-09-14T19:08:40.440513825Z" level=debug msg="Registering GET, /nodes/{id}"
time="2026-09-14T19:08:40.440541401Z" level=debug msg="Registering DELETE, /nodes/{id}"
time="2026-09-14T19:08:40.440566406Z" level=debug msg="Registering POST, /nodes/{id}/update"
time="2026-09-14T19:08:40.440597660Z" level=debug msg="Registering GET, /tasks"
time="2026-09-14T19:08:40.440617596Z" level=debug msg="Registering GET, /tasks/{id}"
time="2026-09-14T19:08:40.440646390Z" level=debug msg="Registering GET, /tasks/{id}/logs"
time="2026-09-14T19:08:40.440669895Z" level=debug msg="Registering GET, /secrets"
time="2026-09-14T19:08:40.440685873Z" level=debug msg="Registering POST, /secrets/create"
time="2026-09-14T19:08:40.440705667Z" level=debug msg="Registering DELETE, /secrets/{id}"
time="2026-09-14T19:08:40.440727871Z" level=debug msg="Registering GET, /secrets/{id}"
time="2026-09-14T19:08:40.440753892Z" level=debug msg="Registering POST, /secrets/{id}/update"
time="2026-09-14T19:08:40.440780188Z" level=debug msg="Registering GET, /configs"
time="2026-09-14T19:08:40.440795823Z" level=debug msg="Registering POST, /configs/create"
time="2026-09-14T19:08:40.440824065Z" level=debug msg="Registering DELETE, /configs/{id}"
time="2026-09-14T19:08:40.440850483Z" level=debug msg="Registering GET, /configs/{id}"
time="2026-09-14T19:08:40.440873554Z" level=debug msg="Registering POST, /configs/{id}/update"
time="2026-09-14T19:08:40.440901964Z" level=debug msg="Registering GET, /plugins"
time="2026-09-14T19:08:40.440921469Z" level=debug msg="Registering GET, /plugins/{name:.*}/json"
time="2026-09-14T19:08:40.440959399Z" level=debug msg="Registering GET, /plugins/privileges"
time="2026-09-14T19:08:40.440983181Z" level=debug msg="Registering DELETE, /plugins/{name:.*}"
time="2026-09-14T19:08:40.441006718Z" level=debug msg="Registering POST, /plugins/{name:.*}/enable"
time="2026-09-14T19:08:40.441035610Z" level=debug msg="Registering POST, /plugins/{name:.*}/disable"
time="2026-09-14T19:08:40.441064523Z" level=debug msg="Registering POST, /plugins/pull"
time="2026-09-14T19:08:40.441088015Z" level=debug msg="Registering POST, /plugins/{name:.*}/push"
time="2026-09-14T19:08:40.441111275Z" level=debug msg="Registering POST, /plugins/{name:.*}/upgrade"
time="2026-09-14T19:08:40.441135686Z" level=debug msg="Registering POST, /plugins/{name:.*}/set"
time="2026-09-14T19:08:40.441158316Z" level=debug msg="Registering POST, /plugins/create"
time="2026-09-14T19:08:40.441175432Z" level=debug msg="Registering GET, /distribution/{name:.*}/json"
time="2026-09-14T19:08:40.441213833Z" level=debug msg="Registering POST, /grpc"
time="2026-09-14T19:08:40.441233182Z" level=debug msg="Registering GET, /networks"
time="2026-09-14T19:08:40.441249894Z" level=debug msg="Registering GET, /networks/"
time="2026-09-14T19:08:40.441265847Z" level=debug msg="Registering GET, /networks/{id:.+}"
time="2026-09-14T19:08:40.441292030Z" level=debug msg="Registering POST, /networks/create"
time="2026-09-14T19:08:40.441313931Z" level=debug msg="Registering POST, /networks/{id:.*}/connect"
time="2026-09-14T19:08:40.441345278Z" level=debug msg="Registering POST, /networks/{id:.*}/disconnect"
time="2026-09-14T19:08:40.441371584Z" level=debug msg="Registering POST, /networks/prune"
time="2026-09-14T19:08:40.441388531Z" level=debug msg="Registering DELETE, /networks/{id:.*}"
time="2026-09-14T19:08:40.441547559Z" level=info msg="API listen on /run/book1102-worker.sock"
time="2026-09-14T19:08:40.441715694Z" level=debug msg="Calling HEAD /_ping"
time="2026-09-14T19:08:40.441944077Z" level=debug msg="Calling GET /v1.43/info"
time="2026-09-14T19:08:41.072917884Z" level=debug msg="Calling HEAD /_ping"
time="2026-09-14T19:08:41.073182748Z" level=debug msg="Calling POST /v1.43/images/load?quiet=1"
time="2026-09-14T19:08:41.154028311Z" level=debug msg="Applying tar in /home/ubuntu/ai-infra-book-experiments/ch11/11-02/docker-lifecycle/isolated-daemon/full-worker/data/overlay2/d0471eff316548c7a3a4994125ad712757e71c44fe18b89bbc2f53e382463162/diff" storage-driver=overlay2
time="2026-09-14T19:08:41.608535266Z" level=debug msg="Applied tar sha256:6f94328331290cbd81edab450664d42da7b64c191416c9346cd5d28c84f76035 to d0471eff316548c7a3a4994125ad712757e71c44fe18b89bbc2f53e382463162, size: 78621580"
time="2026-09-14T19:08:41.639154254Z" level=debug msg="Applying tar in /home/ubuntu/ai-infra-book-experiments/ch11/11-02/docker-lifecycle/isolated-daemon/full-worker/data/overlay2/a6ba6fa7256692bc2972ca1f52847ac394e53d99f2f0665172ece302f0db8083/diff" storage-driver=overlay2
time="2026-09-14T19:08:41.677437603Z" level=debug msg="Applied tar sha256:275f0a9e4758b8a31c628ab748d8184bd103fb27ec8aeff6b588003a3056d082 to a6ba6fa7256692bc2972ca1f52847ac394e53d99f2f0665172ece302f0db8083, size: 3811541"
time="2026-09-14T19:08:41.702360720Z" level=debug msg="Applying tar in /home/ubuntu/ai-infra-book-experiments/ch11/11-02/docker-lifecycle/isolated-daemon/full-worker/data/overlay2/0b638fff3029aa955b4467dd6850cd9cc7dbc5efcc3f4d53bf3dbcddf3088820/diff" storage-driver=overlay2
time="2026-09-14T19:08:42.016550583Z" level=debug msg="Applied tar sha256:3d7dddf62be3a47f3c072a9dc069ac228beea659375d9fff022792deaaf08d61 to 0b638fff3029aa955b4467dd6850cd9cc7dbc5efcc3f4d53bf3dbcddf3088820, size: 42415046"
time="2026-09-14T19:08:42.048491728Z" level=debug msg="Applying tar in /home/ubuntu/ai-infra-book-experiments/ch11/11-02/docker-lifecycle/isolated-daemon/full-worker/data/overlay2/15c0f3bfd6a311e03fd37e6e4a3e6de0b7b75385404f57a11bc2964eef18570d/diff" storage-driver=overlay2
time="2026-09-14T19:08:42.050453230Z" level=debug msg="Applied tar sha256:1a8800d1b976e9a254659bbce8213f99d55639c12cc4d2ebecafe95a163797c5 to 15c0f3bfd6a311e03fd37e6e4a3e6de0b7b75385404f57a11bc2964eef18570d, size: 36"
time="2026-09-14T19:08:42.141442060Z" level=debug msg="Calling HEAD /_ping"
time="2026-09-14T19:08:42.141734427Z" level=debug msg="Calling GET /v1.43/images/python:3.11-slim/json"
time="2026-09-14T19:08:42.152453519Z" level=debug msg="Calling HEAD /_ping"
time="2026-09-14T19:08:42.152736636Z" level=debug msg="Calling GET /v1.43/version"
time="2026-09-14T19:08:42.189589937Z" level=debug msg="Calling HEAD /_ping"
time="2026-09-14T19:08:42.189803935Z" level=debug msg="Calling GET /v1.43/info"
time="2026-09-14T19:08:42.204614979Z" level=debug msg="Calling HEAD /_ping"
time="2026-09-14T19:08:42.205253693Z" level=debug msg="Calling POST /v1.43/containers/create?name=book1102-abb7f011d6-t0-filesystem"
time="2026-09-14T19:08:42.205379313Z" level=debug msg="form data: {\"AttachStderr\":true,\"AttachStdin\":false,\"AttachStdout\":true,\"Cmd\":[\"python\",\"-u\",\"/tmp/book-worker.py\"],\"Domainname\":\"\",\"Entrypoint\":null,\"Env\":null,\"HostConfig\":{\"AutoRemove\":false,\"Binds\":null,\"BlkioDeviceReadBps\":[],\"BlkioDeviceReadIOps\":[],\"BlkioDeviceWriteBps\":[],\"BlkioDeviceWriteIOps\":[],\"BlkioWeight\":0,\"BlkioWeightDevice\":[],\"CapAdd\":null,\"CapDrop\":null,\"Cgroup\":\"\",\"CgroupParent\":\"\",\"CgroupnsMode\":\"\",\"ConsoleSize\":[0,0],\"ContainerIDFile\":\"\",\"CpuCount\":0,\"CpuPercent\":0,\"CpuPeriod\":0,\"CpuQuota\":0,\"CpuRealtimePeriod\":0,\"CpuRealtimeRuntime\":0,\"CpuShares\":0,\"CpusetCpus\":\"\",\"CpusetMems\":\"\",\"DeviceCgroupRules\":null,\"DeviceRequests\":null,\"Devices\":[],\"Dns\":[],\"DnsOptions\":[],\"DnsSearch\":[],\"ExtraHosts\":null,\"GroupAdd\":null,\"IOMaximumBandwidth\":0,\"IOMaximumIOps\":0,\"IpcMode\":\"\",\"Isolation\":\"\",\"Links\":null,\"LogConfig\":{\"Config\":{},\"Type\":\"\"},\"MaskedPaths\":null,\"Memory\":268435456,\"MemoryReservation\":0,\"MemorySwap\":268435456,\"MemorySwappiness\":-1,\"NanoCpus\":1000000000,\"NetworkMode\":\"host\",\"OomKillDisable\":false,\"OomScoreAdj\":0,\"PidMode\":\"\",\"PidsLimit\":0,\"PortBindings\":{},\"Privileged\":false,\"PublishAllPorts\":false,\"ReadonlyPaths\":null,\"ReadonlyRootfs\":false,\"RestartPolicy\":{\"MaximumRetryCount\":0,\"Name\":\"no\"},\"SecurityOpt\":null,\"ShmSize\":0,\"UTSMode\":\"\",\"Ulimits\":null,\"UsernsMode\":\"\",\"VolumeDriver\":\"\",\"VolumesFrom\":null},\"Hostname\":\"\",\"Image\":\"sha256:002792ac193538382f4aa5b2f696e5669c20e3c972e60d75e6df90d64d4e696e\",\"Labels\":{\"book.experiment\":\"book1102-abb7f011d6\"},\"NetworkingConfig\":{\"EndpointsConfig\":{}},\"OnBuild\":null,\"OpenStdin\":false,\"StdinOnce\":false,\"Tty\":false,\"User\":\"\",\"Volumes\":{},\"WorkingDir\":\"\"}"
time="2026-09-14T19:08:42.432872703Z" level=debug msg="container mounted via layerStore: /home/ubuntu/ai-infra-book-experiments/ch11/11-02/docker-lifecycle/isolated-daemon/full-worker/data/overlay2/b1f4eada4a2b87ace3c7e039c3dbacf315605e3044b238f8a98be746744a27a9/merged" container=22f234063a642aa1b58943b7a11361b9cf055a0b43c301101e976e49f45eb7b7
time="2026-09-14T19:08:42.456461052Z" level=debug msg="Calling HEAD /_ping"
time="2026-09-14T19:08:42.456701282Z" level=debug msg="Calling HEAD /v1.43/containers/22f234063a642aa1b58943b7a11361b9cf055a0b43c301101e976e49f45eb7b7/archive?path=%2Ftmp%2Fbook-worker.py"
time="2026-09-14T19:08:42.457185995Z" level=debug msg="container mounted via layerStore: /home/ubuntu/ai-infra-book-experiments/ch11/11-02/docker-lifecycle/isolated-daemon/full-worker/data/overlay2/b1f4eada4a2b87ace3c7e039c3dbacf315605e3044b238f8a98be746744a27a9/merged" container=22f234063a642aa1b58943b7a11361b9cf055a0b43c301101e976e49f45eb7b7
time="2026-09-14T19:08:42.461984351Z" level=debug msg="Calling PUT /v1.43/containers/22f234063a642aa1b58943b7a11361b9cf055a0b43c301101e976e49f45eb7b7/archive?noOverwriteDirNonDir=true&path=%2Ftmp"
time="2026-09-14T19:08:42.462435604Z" level=debug msg="container mounted via layerStore: /home/ubuntu/ai-infra-book-experiments/ch11/11-02/docker-lifecycle/isolated-daemon/full-worker/data/overlay2/b1f4eada4a2b87ace3c7e039c3dbacf315605e3044b238f8a98be746744a27a9/merged" container=22f234063a642aa1b58943b7a11361b9cf055a0b43c301101e976e49f45eb7b7
time="2026-09-14T19:08:42.479223731Z" level=debug msg="Calling HEAD /_ping"
time="2026-09-14T19:08:42.479513958Z" level=debug msg="Calling POST /v1.43/containers/22f234063a642aa1b58943b7a11361b9cf055a0b43c301101e976e49f45eb7b7/start"
time="2026-09-14T19:08:42.480015772Z" level=debug msg="container mounted via layerStore: /home/ubuntu/ai-infra-book-experiments/ch11/11-02/docker-lifecycle/isolated-daemon/full-worker/data/overlay2/b1f4eada4a2b87ace3c7e039c3dbacf315605e3044b238f8a98be746744a27a9/merged" container=22f234063a642aa1b58943b7a11361b9cf055a0b43c301101e976e49f45eb7b7
time="2026-09-14T19:08:42.509004815Z" level=debug msg="EnableService 22f234063a642aa1b58943b7a11361b9cf055a0b43c301101e976e49f45eb7b7 START"
time="2026-09-14T19:08:42.509027675Z" level=debug msg="EnableService 22f234063a642aa1b58943b7a11361b9cf055a0b43c301101e976e49f45eb7b7 DONE"
time="2026-09-14T19:08:42.512353963Z" level=debug msg="createSpec: cgroupsPath: system.slice:docker:22f234063a642aa1b58943b7a11361b9cf055a0b43c301101e976e49f45eb7b7"
time="2026-09-14T19:08:42.512677633Z" level=debug msg="bundle dir created" bundle=/run/book1102-worker/containerd/22f234063a642aa1b58943b7a11361b9cf055a0b43c301101e976e49f45eb7b7 module=libcontainerd namespace=book1102 root=/home/ubuntu/ai-infra-book-experiments/ch11/11-02/docker-lifecycle/isolated-daemon/full-worker/data/overlay2/b1f4eada4a2b87ace3c7e039c3dbacf315605e3044b238f8a98be746744a27a9/merged
time="2026-09-14T19:08:42.588818654Z" level=debug msg=event module=libcontainerd namespace=book1102 topic=/tasks/create
time="2026-09-14T19:08:42.593974363Z" level=debug msg=event module=libcontainerd namespace=book1102 topic=/tasks/start
time="2026-09-14T19:08:42.610277996Z" level=debug msg="Calling HEAD /_ping"
time="2026-09-14T19:08:42.610496866Z" level=debug msg="Calling GET /v1.43/containers/22f234063a642aa1b58943b7a11361b9cf055a0b43c301101e976e49f45eb7b7/json"
time="2026-09-14T19:08:42.621265395Z" level=debug msg="Calling HEAD /_ping"
time="2026-09-14T19:08:42.621500036Z" level=debug msg="Calling GET /v1.43/containers/22f234063a642aa1b58943b7a11361b9cf055a0b43c301101e976e49f45eb7b7/json"
time="2026-09-14T19:08:42.622414501Z" level=debug msg="Calling POST /v1.43/containers/22f234063a642aa1b58943b7a11361b9cf055a0b43c301101e976e49f45eb7b7/exec"
time="2026-09-14T19:08:42.622473938Z" level=debug msg="form data: {\"AttachStderr\":true,\"AttachStdin\":true,\"AttachStdout\":true,\"Cmd\":[\"python\",\"-u\",\"-c\",\"import socket,sys,time\\ns=socket.socket(socket.AF_UNIX)\\nfor i in range(100):\\n try:s.connect('/tmp/book-control.sock');break\\n except (FileNotFoundError,ConnectionRefusedError):time.sleep(.02)\\nprint('READY',flush=True)\\nfor line in sys.stdin.buffer:\\n s.sendall(line);data=b''\\n while not data.endswith(b'\\\\n'):\\n  chunk=s.recv(65536)\\n  if not chunk:raise RuntimeError('EOF')\\n  data+=chunk\\n sys.stdout.buffer.write(data);sys.stdout.buffer.flush()\\ns.close()\\n\"],\"Detach\":false,\"DetachKeys\":\"\",\"Env\":null,\"Privileged\":false,\"Tty\":false,\"User\":\"\",\"WorkingDir\":\"\"}"
time="2026-09-14T19:08:42.622757977Z" level=debug msg="Calling POST /v1.43/exec/7924d8321015c18e42e2f0b4df44254caecf41b6b49a25d6b717793eff42819c/start"
time="2026-09-14T19:08:42.622788377Z" level=debug msg="form data: {\"Detach\":false,\"Tty\":false}"
time="2026-09-14T19:08:42.622850695Z" level=debug msg="starting exec command 7924d8321015c18e42e2f0b4df44254caecf41b6b49a25d6b717793eff42819c in container 22f234063a642aa1b58943b7a11361b9cf055a0b43c301101e976e49f45eb7b7"
time="2026-09-14T19:08:42.623572495Z" level=debug msg="attach: stdin: begin"
time="2026-09-14T19:08:42.623584602Z" level=debug msg="attach: stdout: begin"
time="2026-09-14T19:08:42.623590755Z" level=debug msg="attach: stderr: begin"
time="2026-09-14T19:08:42.624492991Z" level=debug msg=event module=libcontainerd namespace=book1102 topic=/tasks/exec-added
time="2026-09-14T19:08:42.663844061Z" level=debug msg=event module=libcontainerd namespace=book1102 topic=/tasks/exec-started
time="2026-09-14T19:08:42.685326067Z" level=debug msg="Calling HEAD /_ping"
time="2026-09-14T19:08:42.685676733Z" level=debug msg="Calling POST /v1.43/commit?author=&comment=&container=22f234063a642aa1b58943b7a11361b9cf055a0b43c301101e976e49f45eb7b7&repo=book1102-abb7f011d6&tag=t0-filesystem"
time="2026-09-14T19:08:42.685703306Z" level=debug msg="form data: null"
time="2026-09-14T19:08:42.691314983Z" level=debug msg=event module=libcontainerd namespace=book1102 topic=/tasks/paused
time="2026-09-14T19:08:42.698409208Z" level=debug msg="Tar with options on /home/ubuntu/ai-infra-book-experiments/ch11/11-02/docker-lifecycle/isolated-daemon/full-worker/data/overlay2/b1f4eada4a2b87ace3c7e039c3dbacf315605e3044b238f8a98be746744a27a9/diff" storage-driver=overlay2
time="2026-09-14T19:08:42.698634955Z" level=error msg="Can't add file /home/ubuntu/ai-infra-book-experiments/ch11/11-02/docker-lifecycle/isolated-daemon/full-worker/data/overlay2/b1f4eada4a2b87ace3c7e039c3dbacf315605e3044b238f8a98be746744a27a9/diff/tmp/book-control.sock to tar: archive/tar: sockets not supported"
time="2026-09-14T19:08:42.708559246Z" level=debug msg="Applying tar in /home/ubuntu/ai-infra-book-experiments/ch11/11-02/docker-lifecycle/isolated-daemon/full-worker/data/overlay2/3a236059d3e8cdb0474f0bc7597dbb9bb48d78ce26966531a4424e9c574ce3a1/diff" storage-driver=overlay2
time="2026-09-14T19:08:42.717293793Z" level=debug msg="Applied tar sha256:2ff574fc2cd88e859e7c1397d08920ab99297050547b062f5d55cb00c00e80ab to 3a236059d3e8cdb0474f0bc7597dbb9bb48d78ce26966531a4424e9c574ce3a1, size: 866667"
time="2026-09-14T19:08:42.754893475Z" level=debug msg=event module=libcontainerd namespace=book1102 topic=/tasks/resumed
time="2026-09-14T19:08:42.771338421Z" level=debug msg="Calling HEAD /_ping"
time="2026-09-14T19:08:42.771938426Z" level=debug msg="Calling POST /v1.43/containers/create?name=book1102-abb7f011d6-t0-filesystem-new"
time="2026-09-14T19:08:42.772055478Z" level=debug msg="form data: {\"AttachStderr\":true,\"AttachStdin\":false,\"AttachStdout\":true,\"Cmd\":[\"python\",\"-u\",\"/tmp/book-worker.py\"],\"Domainname\":\"\",\"Entrypoint\":null,\"Env\":null,\"HostConfig\":{\"AutoRemove\":false,\"Binds\":null,\"BlkioDeviceReadBps\":[],\"BlkioDeviceReadIOps\":[],\"BlkioDeviceWriteBps\":[],\"BlkioDeviceWriteIOps\":[],\"BlkioWeight\":0,\"BlkioWeightDevice\":[],\"CapAdd\":null,\"CapDrop\":null,\"Cgroup\":\"\",\"CgroupParent\":\"\",\"CgroupnsMode\":\"\",\"ConsoleSize\":[0,0],\"ContainerIDFile\":\"\",\"CpuCount\":0,\"CpuPercent\":0,\"CpuPeriod\":0,\"CpuQuota\":0,\"CpuRealtimePeriod\":0,\"CpuRealtimeRuntime\":0,\"CpuShares\":0,\"CpusetCpus\":\"\",\"CpusetMems\":\"\",\"DeviceCgroupRules\":null,\"DeviceRequests\":null,\"Devices\":[],\"Dns\":[],\"DnsOptions\":[],\"DnsSearch\":[],\"ExtraHosts\":null,\"GroupAdd\":null,\"IOMaximumBandwidth\":0,\"IOMaximumIOps\":0,\"IpcMode\":\"\",\"Isolation\":\"\",\"Links\":null,\"LogConfig\":{\"Config\":{},\"Type\":\"\"},\"MaskedPaths\":null,\"Memory\":268435456,\"MemoryReservation\":0,\"MemorySwap\":268435456,\"MemorySwappiness\":-1,\"NanoCpus\":1000000000,\"NetworkMode\":\"host\",\"OomKillDisable\":false,\"OomScoreAdj\":0,\"PidMode\":\"\",\"PidsLimit\":0,\"PortBindings\":{},\"Privileged\":false,\"PublishAllPorts\":false,\"ReadonlyPaths\":null,\"ReadonlyRootfs\":false,\"RestartPolicy\":{\"MaximumRetryCount\":0,\"Name\":\"no\"},\"SecurityOpt\":null,\"ShmSize\":0,\"UTSMode\":\"\",\"Ulimits\":null,\"UsernsMode\":\"\",\"VolumeDriver\":\"\",\"VolumesFrom\":null},\"Hostname\":\"\",\"Image\":\"book1102-abb7f011d6:t0-filesystem\",\"Labels\":{\"book.experiment\":\"book1102-abb7f011d6\"},\"NetworkingConfig\":{\"EndpointsConfig\":{}},\"OnBuild\":null,\"OpenStdin\":false,\"StdinOnce\":false,\"Tty\":false,\"User\":\"\",\"Volumes\":{},\"WorkingDir\":\"\"}"
time="2026-09-14T19:08:42.803888238Z" level=debug msg="container mounted via layerStore: /home/ubuntu/ai-infra-book-experiments/ch11/11-02/docker-lifecycle/isolated-daemon/full-worker/data/overlay2/c5d35e53583879c324e10fbee4310e84d8d5417c52ce47fe81e4163737030b83/merged" container=1c1c3d3dee283602b9e08a5d86fb639ddf13600ecd55310bc33d65b1f3e977d6
time="2026-09-14T19:08:42.826160135Z" level=debug msg="Calling HEAD /_ping"
time="2026-09-14T19:08:42.826398632Z" level=debug msg="Calling HEAD /v1.43/containers/1c1c3d3dee283602b9e08a5d86fb639ddf13600ecd55310bc33d65b1f3e977d6/archive?path=%2Ftmp%2Fbook-worker.py"
time="2026-09-14T19:08:42.826881993Z" level=debug msg="container mounted via layerStore: /home/ubuntu/ai-infra-book-experiments/ch11/11-02/docker-lifecycle/isolated-daemon/full-worker/data/overlay2/c5d35e53583879c324e10fbee4310e84d8d5417c52ce47fe81e4163737030b83/merged" container=1c1c3d3dee283602b9e08a5d86fb639ddf13600ecd55310bc33d65b1f3e977d6
time="2026-09-14T19:08:42.835075370Z" level=debug msg="Calling PUT /v1.43/containers/1c1c3d3dee283602b9e08a5d86fb639ddf13600ecd55310bc33d65b1f3e977d6/archive?noOverwriteDirNonDir=true&path=%2Ftmp"
time="2026-09-14T19:08:42.835484864Z" level=debug msg="container mounted via layerStore: /home/ubuntu/ai-infra-book-experiments/ch11/11-02/docker-lifecycle/isolated-daemon/full-worker/data/overlay2/c5d35e53583879c324e10fbee4310e84d8d5417c52ce47fe81e4163737030b83/merged" container=1c1c3d3dee283602b9e08a5d86fb639ddf13600ecd55310bc33d65b1f3e977d6
time="2026-09-14T19:08:42.852441121Z" level=debug msg="Calling HEAD /_ping"
time="2026-09-14T19:08:42.852701567Z" level=debug msg="Calling POST /v1.43/containers/1c1c3d3dee283602b9e08a5d86fb639ddf13600ecd55310bc33d65b1f3e977d6/start"
time="2026-09-14T19:08:42.853190239Z" level=debug msg="container mounted via layerStore: /home/ubuntu/ai-infra-book-experiments/ch11/11-02/docker-lifecycle/isolated-daemon/full-worker/data/overlay2/c5d35e53583879c324e10fbee4310e84d8d5417c52ce47fe81e4163737030b83/merged" container=1c1c3d3dee283602b9e08a5d86fb639ddf13600ecd55310bc33d65b1f3e977d6
time="2026-09-14T19:08:42.885247712Z" level=debug msg="EnableService 1c1c3d3dee283602b9e08a5d86fb639ddf13600ecd55310bc33d65b1f3e977d6 START"
time="2026-09-14T19:08:42.885270120Z" level=debug msg="EnableService 1c1c3d3dee283602b9e08a5d86fb639ddf13600ecd55310bc33d65b1f3e977d6 DONE"
time="2026-09-14T19:08:42.892417745Z" level=debug msg="createSpec: cgroupsPath: system.slice:docker:1c1c3d3dee283602b9e08a5d86fb639ddf13600ecd55310bc33d65b1f3e977d6"
time="2026-09-14T19:08:42.892724623Z" level=debug msg="bundle dir created" bundle=/run/book1102-worker/containerd/1c1c3d3dee283602b9e08a5d86fb639ddf13600ecd55310bc33d65b1f3e977d6 module=libcontainerd namespace=book1102 root=/home/ubuntu/ai-infra-book-experiments/ch11/11-02/docker-lifecycle/isolated-daemon/full-worker/data/overlay2/c5d35e53583879c324e10fbee4310e84d8d5417c52ce47fe81e4163737030b83/merged
time="2026-09-14T19:08:42.978949247Z" level=debug msg=event module=libcontainerd namespace=book1102 topic=/tasks/create
time="2026-09-14T19:08:42.984068127Z" level=debug msg=event module=libcontainerd namespace=book1102 topic=/tasks/start
time="2026-09-14T19:08:43.000366152Z" level=debug msg="Calling HEAD /_ping"
time="2026-09-14T19:08:43.000613725Z" level=debug msg="Calling GET /v1.43/containers/1c1c3d3dee283602b9e08a5d86fb639ddf13600ecd55310bc33d65b1f3e977d6/json"
time="2026-09-14T19:08:43.010387736Z" level=debug msg="Calling HEAD /_ping"
time="2026-09-14T19:08:43.010611405Z" level=debug msg="Calling GET /v1.43/containers/1c1c3d3dee283602b9e08a5d86fb639ddf13600ecd55310bc33d65b1f3e977d6/json"
time="2026-09-14T19:08:43.011532722Z" level=debug msg="Calling POST /v1.43/containers/1c1c3d3dee283602b9e08a5d86fb639ddf13600ecd55310bc33d65b1f3e977d6/exec"
time="2026-09-14T19:08:43.011627702Z" level=debug msg="form data: {\"AttachStderr\":true,\"AttachStdin\":true,\"AttachStdout\":true,\"Cmd\":[\"python\",\"-u\",\"-c\",\"import socket,sys,time\\ns=socket.socket(socket.AF_UNIX)\\nfor i in range(100):\\n try:s.connect('/tmp/book-control.sock');break\\n except (FileNotFoundError,ConnectionRefusedError):time.sleep(.02)\\nprint('READY',flush=True)\\nfor line in sys.stdin.buffer:\\n s.sendall(line);data=b''\\n while not data.endswith(b'\\\\n'):\\n  chunk=s.recv(65536)\\n  if not chunk:raise RuntimeError('EOF')\\n  data+=chunk\\n sys.stdout.buffer.write(data);sys.stdout.buffer.flush()\\ns.close()\\n\"],\"Detach\":false,\"DetachKeys\":\"\",\"Env\":null,\"Privileged\":false,\"Tty\":false,\"User\":\"\",\"WorkingDir\":\"\"}"
time="2026-09-14T19:08:43.011903176Z" level=debug msg="Calling POST /v1.43/exec/498d8be5d79ddca61b7e93dc71e2026254d537b839c710e07d09d360f808fbc9/start"
time="2026-09-14T19:08:43.011932440Z" level=debug msg="form data: {\"Detach\":false,\"Tty\":false}"
time="2026-09-14T19:08:43.011992353Z" level=debug msg="starting exec command 498d8be5d79ddca61b7e93dc71e2026254d537b839c710e07d09d360f808fbc9 in container 1c1c3d3dee283602b9e08a5d86fb639ddf13600ecd55310bc33d65b1f3e977d6"
time="2026-09-14T19:08:43.012762195Z" level=debug msg="attach: stdin: begin"
time="2026-09-14T19:08:43.012778571Z" level=debug msg="attach: stdout: begin"
time="2026-09-14T19:08:43.012783984Z" level=debug msg="attach: stderr: begin"
time="2026-09-14T19:08:43.013560853Z" level=debug msg=event module=libcontainerd namespace=book1102 topic=/tasks/exec-added
time="2026-09-14T19:08:43.044095114Z" level=debug msg=event module=libcontainerd namespace=book1102 topic=/tasks/exec-started
time="2026-09-14T19:08:43.055353651Z" level=debug msg="Closing buffered stdin pipe"
time="2026-09-14T19:08:43.055393302Z" level=debug msg="attach: stdin: end"
time="2026-09-14T19:08:43.059483700Z" level=debug msg=event module=libcontainerd namespace=book1102 topic=/tasks/exit
time="2026-09-14T19:08:43.059567384Z" level=debug msg="attach: stdout: end"
time="2026-09-14T19:08:43.059580565Z" level=debug msg="attach: stderr: end"
time="2026-09-14T19:08:43.059610456Z" level=debug msg="attach done"
time="2026-09-14T19:08:43.059814893Z" level=debug msg="Calling GET /v1.43/exec/498d8be5d79ddca61b7e93dc71e2026254d537b839c710e07d09d360f808fbc9/json"
time="2026-09-14T19:08:43.062967533Z" level=debug msg="Closing buffered stdin pipe"
time="2026-09-14T19:08:43.063015315Z" level=debug msg="attach: stdin: end"
time="2026-09-14T19:08:43.067330947Z" level=debug msg=event module=libcontainerd namespace=book1102 topic=/tasks/exit
time="2026-09-14T19:08:43.067410435Z" level=debug msg="attach: stdout: end"
time="2026-09-14T19:08:43.067422810Z" level=debug msg="attach: stderr: end"
time="2026-09-14T19:08:43.067452197Z" level=debug msg="attach done"
time="2026-09-14T19:08:43.067684557Z" level=debug msg="Calling GET /v1.43/exec/7924d8321015c18e42e2f0b4df44254caecf41b6b49a25d6b717793eff42819c/json"
time="2026-09-14T19:08:43.079017922Z" level=debug msg="Calling HEAD /_ping"
time="2026-09-14T19:08:43.079303828Z" level=debug msg="Calling DELETE /v1.43/containers/22f234063a642aa1b58943b7a11361b9cf055a0b43c301101e976e49f45eb7b7?force=1"
time="2026-09-14T19:08:43.079325579Z" level=debug msg="Sending kill signal 9 to container 22f234063a642aa1b58943b7a11361b9cf055a0b43c301101e976e49f45eb7b7"
time="2026-09-14T19:08:43.093547789Z" level=debug msg=event module=libcontainerd namespace=book1102 topic=/tasks/exit
time="2026-09-14T19:08:43.100129034Z" level=debug msg=event module=libcontainerd namespace=book1102 topic=/tasks/delete
time="2026-09-14T19:08:43.100153621Z" level=info msg="ignoring event" container=22f234063a642aa1b58943b7a11361b9cf055a0b43c301101e976e49f45eb7b7 module=libcontainerd namespace=book1102 topic=/tasks/delete type="*events.TaskDelete"
time="2026-09-14T19:08:43.165899284Z" level=debug msg="Calling HEAD /_ping"
time="2026-09-14T19:08:43.166182738Z" level=debug msg="Calling DELETE /v1.43/containers/1c1c3d3dee283602b9e08a5d86fb639ddf13600ecd55310bc33d65b1f3e977d6?force=1"
time="2026-09-14T19:08:43.166214353Z" level=debug msg="Sending kill signal 9 to container 1c1c3d3dee283602b9e08a5d86fb639ddf13600ecd55310bc33d65b1f3e977d6"
time="2026-09-14T19:08:43.179908524Z" level=debug msg=event module=libcontainerd namespace=book1102 topic=/tasks/exit
time="2026-09-14T19:08:43.187079744Z" level=debug msg=event module=libcontainerd namespace=book1102 topic=/tasks/delete
time="2026-09-14T19:08:43.187102997Z" level=info msg="ignoring event" container=1c1c3d3dee283602b9e08a5d86fb639ddf13600ecd55310bc33d65b1f3e977d6 module=libcontainerd namespace=book1102 topic=/tasks/delete type="*events.TaskDelete"
time="2026-09-14T19:08:43.249035575Z" level=debug msg="Calling HEAD /_ping"
time="2026-09-14T19:08:43.249674183Z" level=debug msg="Calling POST /v1.43/containers/create?name=book1102-abb7f011d6-t0-checkpoint"
time="2026-09-14T19:08:43.249811686Z" level=debug msg="form data: {\"AttachStderr\":true,\"AttachStdin\":false,\"AttachStdout\":true,\"Cmd\":[\"python\",\"-u\",\"/tmp/book-worker.py\"],\"Domainname\":\"\",\"Entrypoint\":null,\"Env\":null,\"HostConfig\":{\"AutoRemove\":false,\"Binds\":null,\"BlkioDeviceReadBps\":[],\"BlkioDeviceReadIOps\":[],\"BlkioDeviceWriteBps\":[],\"BlkioDeviceWriteIOps\":[],\"BlkioWeight\":0,\"BlkioWeightDevice\":[],\"CapAdd\":null,\"CapDrop\":null,\"Cgroup\":\"\",\"CgroupParent\":\"\",\"CgroupnsMode\":\"\",\"ConsoleSize\":[0,0],\"ContainerIDFile\":\"\",\"CpuCount\":0,\"CpuPercent\":0,\"CpuPeriod\":0,\"CpuQuota\":0,\"CpuRealtimePeriod\":0,\"CpuRealtimeRuntime\":0,\"CpuShares\":0,\"CpusetCpus\":\"\",\"CpusetMems\":\"\",\"DeviceCgroupRules\":null,\"DeviceRequests\":null,\"Devices\":[],\"Dns\":[],\"DnsOptions\":[],\"DnsSearch\":[],\"ExtraHosts\":null,\"GroupAdd\":null,\"IOMaximumBandwidth\":0,\"IOMaximumIOps\":0,\"IpcMode\":\"\",\"Isolation\":\"\",\"Links\":null,\"LogConfig\":{\"Config\":{},\"Type\":\"\"},\"MaskedPaths\":null,\"Memory\":268435456,\"MemoryReservation\":0,\"MemorySwap\":268435456,\"MemorySwappiness\":-1,\"NanoCpus\":1000000000,\"NetworkMode\":\"host\",\"OomKillDisable\":false,\"OomScoreAdj\":0,\"PidMode\":\"\",\"PidsLimit\":0,\"PortBindings\":{},\"Privileged\":false,\"PublishAllPorts\":false,\"ReadonlyPaths\":null,\"ReadonlyRootfs\":false,\"RestartPolicy\":{\"MaximumRetryCount\":0,\"Name\":\"no\"},\"SecurityOpt\":null,\"ShmSize\":0,\"UTSMode\":\"\",\"Ulimits\":null,\"UsernsMode\":\"\",\"VolumeDriver\":\"\",\"VolumesFrom\":null},\"Hostname\":\"\",\"Image\":\"sha256:002792ac193538382f4aa5b2f696e5669c20e3c972e60d75e6df90d64d4e696e\",\"Labels\":{\"book.experiment\":\"book1102-abb7f011d6\"},\"NetworkingConfig\":{\"EndpointsConfig\":{}},\"OnBuild\":null,\"OpenStdin\":false,\"StdinOnce\":false,\"Tty\":false,\"User\":\"\",\"Volumes\":{},\"WorkingDir\":\"\"}"
time="2026-09-14T19:08:43.279881132Z" level=debug msg="container mounted via layerStore: /home/ubuntu/ai-infra-book-experiments/ch11/11-02/docker-lifecycle/isolated-daemon/full-worker/data/overlay2/f79b299f0ce8a4c95238b51e6d0b5cc11a97a24daf733e80187e9b8da684405d/merged" container=eb163f35b597e94b4b7205ff0fc12d250e83acdb6e18c0d2192730dcdd9523bc
time="2026-09-14T19:08:43.311572160Z" level=debug msg="Calling HEAD /_ping"
time="2026-09-14T19:08:43.311820149Z" level=debug msg="Calling HEAD /v1.43/containers/eb163f35b597e94b4b7205ff0fc12d250e83acdb6e18c0d2192730dcdd9523bc/archive?path=%2Ftmp%2Fbook-worker.py"
time="2026-09-14T19:08:43.312328030Z" level=debug msg="container mounted via layerStore: /home/ubuntu/ai-infra-book-experiments/ch11/11-02/docker-lifecycle/isolated-daemon/full-worker/data/overlay2/f79b299f0ce8a4c95238b51e6d0b5cc11a97a24daf733e80187e9b8da684405d/merged" container=eb163f35b597e94b4b7205ff0fc12d250e83acdb6e18c0d2192730dcdd9523bc
time="2026-09-14T19:08:43.317052093Z" level=debug msg="Calling PUT /v1.43/containers/eb163f35b597e94b4b7205ff0fc12d250e83acdb6e18c0d2192730dcdd9523bc/archive?noOverwriteDirNonDir=true&path=%2Ftmp"
time="2026-09-14T19:08:43.317467429Z" level=debug msg="container mounted via layerStore: /home/ubuntu/ai-infra-book-experiments/ch11/11-02/docker-lifecycle/isolated-daemon/full-worker/data/overlay2/f79b299f0ce8a4c95238b51e6d0b5cc11a97a24daf733e80187e9b8da684405d/merged" container=eb163f35b597e94b4b7205ff0fc12d250e83acdb6e18c0d2192730dcdd9523bc
time="2026-09-14T19:08:43.334949369Z" level=debug msg="Calling HEAD /_ping"
time="2026-09-14T19:08:43.335229619Z" level=debug msg="Calling POST /v1.43/containers/eb163f35b597e94b4b7205ff0fc12d250e83acdb6e18c0d2192730dcdd9523bc/start"
time="2026-09-14T19:08:43.335745818Z" level=debug msg="container mounted via layerStore: /home/ubuntu/ai-infra-book-experiments/ch11/11-02/docker-lifecycle/isolated-daemon/full-worker/data/overlay2/f79b299f0ce8a4c95238b51e6d0b5cc11a97a24daf733e80187e9b8da684405d/merged" container=eb163f35b597e94b4b7205ff0fc12d250e83acdb6e18c0d2192730dcdd9523bc
time="2026-09-14T19:08:43.359010141Z" level=debug msg="EnableService eb163f35b597e94b4b7205ff0fc12d250e83acdb6e18c0d2192730dcdd9523bc START"
time="2026-09-14T19:08:43.359028318Z" level=debug msg="EnableService eb163f35b597e94b4b7205ff0fc12d250e83acdb6e18c0d2192730dcdd9523bc DONE"
time="2026-09-14T19:08:43.363117711Z" level=debug msg="createSpec: cgroupsPath: system.slice:docker:eb163f35b597e94b4b7205ff0fc12d250e83acdb6e18c0d2192730dcdd9523bc"
time="2026-09-14T19:08:43.363421160Z" level=debug msg="bundle dir created" bundle=/run/book1102-worker/containerd/eb163f35b597e94b4b7205ff0fc12d250e83acdb6e18c0d2192730dcdd9523bc module=libcontainerd namespace=book1102 root=/home/ubuntu/ai-infra-book-experiments/ch11/11-02/docker-lifecycle/isolated-daemon/full-worker/data/overlay2/f79b299f0ce8a4c95238b51e6d0b5cc11a97a24daf733e80187e9b8da684405d/merged
time="2026-09-14T19:08:43.429887681Z" level=debug msg=event module=libcontainerd namespace=book1102 topic=/tasks/create
time="2026-09-14T19:08:43.434767579Z" level=debug msg=event module=libcontainerd namespace=book1102 topic=/tasks/start
time="2026-09-14T19:08:43.451757926Z" level=debug msg="Calling HEAD /_ping"
time="2026-09-14T19:08:43.451981891Z" level=debug msg="Calling GET /v1.43/containers/eb163f35b597e94b4b7205ff0fc12d250e83acdb6e18c0d2192730dcdd9523bc/json"
time="2026-09-14T19:08:43.461718448Z" level=debug msg="Calling HEAD /_ping"
time="2026-09-14T19:08:43.461960689Z" level=debug msg="Calling GET /v1.43/containers/eb163f35b597e94b4b7205ff0fc12d250e83acdb6e18c0d2192730dcdd9523bc/json"
time="2026-09-14T19:08:43.462808006Z" level=debug msg="Calling POST /v1.43/containers/eb163f35b597e94b4b7205ff0fc12d250e83acdb6e18c0d2192730dcdd9523bc/exec"
time="2026-09-14T19:08:43.462866737Z" level=debug msg="form data: {\"AttachStderr\":true,\"AttachStdin\":true,\"AttachStdout\":true,\"Cmd\":[\"python\",\"-u\",\"-c\",\"import socket,sys,time\\ns=socket.socket(socket.AF_UNIX)\\nfor i in range(100):\\n try:s.connect('/tmp/book-control.sock');break\\n except (FileNotFoundError,ConnectionRefusedError):time.sleep(.02)\\nprint('READY',flush=True)\\nfor line in sys.stdin.buffer:\\n s.sendall(line);data=b''\\n while not data.endswith(b'\\\\n'):\\n  chunk=s.recv(65536)\\n  if not chunk:raise RuntimeError('EOF')\\n  data+=chunk\\n sys.stdout.buffer.write(data);sys.stdout.buffer.flush()\\ns.close()\\n\"],\"Detach\":false,\"DetachKeys\":\"\",\"Env\":null,\"Privileged\":false,\"Tty\":false,\"User\":\"\",\"WorkingDir\":\"\"}"
time="2026-09-14T19:08:43.463063445Z" level=debug msg="Calling POST /v1.43/exec/09874cd6ef11247387fd2301b7ec217db12cebf5edba3c662cce7238f288ef10/start"
time="2026-09-14T19:08:43.463089695Z" level=debug msg="form data: {\"Detach\":false,\"Tty\":false}"
time="2026-09-14T19:08:43.463135469Z" level=debug msg="starting exec command 09874cd6ef11247387fd2301b7ec217db12cebf5edba3c662cce7238f288ef10 in container eb163f35b597e94b4b7205ff0fc12d250e83acdb6e18c0d2192730dcdd9523bc"
time="2026-09-14T19:08:43.463879174Z" level=debug msg="attach: stdin: begin"
time="2026-09-14T19:08:43.463893129Z" level=debug msg="attach: stdout: begin"
time="2026-09-14T19:08:43.463908206Z" level=debug msg="attach: stderr: begin"
time="2026-09-14T19:08:43.464700778Z" level=debug msg=event module=libcontainerd namespace=book1102 topic=/tasks/exec-added
time="2026-09-14T19:08:43.494312198Z" level=debug msg=event module=libcontainerd namespace=book1102 topic=/tasks/exec-started
time="2026-09-14T19:08:43.521078979Z" level=debug msg="Calling HEAD /_ping"
time="2026-09-14T19:08:43.521338855Z" level=debug msg="Calling POST /v1.43/containers/eb163f35b597e94b4b7205ff0fc12d250e83acdb6e18c0d2192730dcdd9523bc/checkpoints"
time="2026-09-14T19:08:43.521385361Z" level=debug msg="form data: {\"CheckpointDir\":\"/home/ubuntu/ai-infra-book-experiments/ch11/11-02/docker-lifecycle/isolated-daemon/full-worker/results/t0-checkpoint/live\",\"CheckpointID\":\"snap\",\"Exit\":false}"
time="2026-09-14T19:08:43.542189932Z" level=debug msg=event module=libcontainerd namespace=book1102 topic=/tasks/paused
time="2026-09-14T19:08:43.619372710Z" level=debug msg=event module=libcontainerd namespace=book1102 topic=/tasks/resumed
time="2026-09-14T19:08:43.624178503Z" level=debug msg="FIXME: Got an API for which error does not match any expected type!!!: Cannot checkpoint container eb163f35b597e94b4b7205ff0fc12d250e83acdb6e18c0d2192730dcdd9523bc: runc did not terminate successfully: exit status 1: criu failed: type NOTIFY errno 0 path= /run/book1102-worker-ctd/io.containerd.runtime.v2.task/book1102/eb163f35b597e94b4b7205ff0fc12d250e83acdb6e18c0d2192730dcdd9523bc/criu-dump.log: unknown" error_type="*errors.errorString" module=api
time="2026-09-14T19:08:43.624219021Z" level=error msg="Handler for POST /v1.43/containers/eb163f35b597e94b4b7205ff0fc12d250e83acdb6e18c0d2192730dcdd9523bc/checkpoints returned error: Cannot checkpoint container eb163f35b597e94b4b7205ff0fc12d250e83acdb6e18c0d2192730dcdd9523bc: runc did not terminate successfully: exit status 1: criu failed: type NOTIFY errno 0 path= /run/book1102-worker-ctd/io.containerd.runtime.v2.task/book1102/eb163f35b597e94b4b7205ff0fc12d250e83acdb6e18c0d2192730dcdd9523bc/criu-dump.log: unknown"
time="2026-09-14T19:08:43.624232216Z" level=debug msg="FIXME: Got an API for which error does not match any expected type!!!: Cannot checkpoint container eb163f35b597e94b4b7205ff0fc12d250e83acdb6e18c0d2192730dcdd9523bc: runc did not terminate successfully: exit status 1: criu failed: type NOTIFY errno 0 path= /run/book1102-worker-ctd/io.containerd.runtime.v2.task/book1102/eb163f35b597e94b4b7205ff0fc12d250e83acdb6e18c0d2192730dcdd9523bc/criu-dump.log: unknown" error_type="*errors.errorString" module=api
time="2026-09-14T19:08:43.626335197Z" level=debug msg="Closing buffered stdin pipe"
time="2026-09-14T19:08:43.626370342Z" level=debug msg="attach: stdin: end"
time="2026-09-14T19:08:43.630831735Z" level=debug msg=event module=libcontainerd namespace=book1102 topic=/tasks/exit
time="2026-09-14T19:08:43.630888377Z" level=debug msg="attach: stdout: end"
time="2026-09-14T19:08:43.630894906Z" level=debug msg="attach: stderr: end"
time="2026-09-14T19:08:43.630911141Z" level=debug msg="attach done"
time="2026-09-14T19:08:43.631141615Z" level=debug msg="Calling GET /v1.43/exec/09874cd6ef11247387fd2301b7ec217db12cebf5edba3c662cce7238f288ef10/json"
time="2026-09-14T19:08:43.842566711Z" level=debug msg="Calling HEAD /_ping"
time="2026-09-14T19:08:43.842906139Z" level=debug msg="Calling POST /v1.43/commit?author=&comment=&container=eb163f35b597e94b4b7205ff0fc12d250e83acdb6e18c0d2192730dcdd9523bc&repo=book1102-abb7f011d6&tag=t0-checkpoint"
time="2026-09-14T19:08:43.842932580Z" level=debug msg="form data: null"
time="2026-09-14T19:08:43.848337083Z" level=debug msg=event module=libcontainerd namespace=book1102 topic=/tasks/paused
time="2026-09-14T19:08:43.860538828Z" level=debug msg="Tar with options on /home/ubuntu/ai-infra-book-experiments/ch11/11-02/docker-lifecycle/isolated-daemon/full-worker/data/overlay2/f79b299f0ce8a4c95238b51e6d0b5cc11a97a24daf733e80187e9b8da684405d/diff" storage-driver=overlay2
time="2026-09-14T19:08:43.860774322Z" level=error msg="Can't add file /home/ubuntu/ai-infra-book-experiments/ch11/11-02/docker-lifecycle/isolated-daemon/full-worker/data/overlay2/f79b299f0ce8a4c95238b51e6d0b5cc11a97a24daf733e80187e9b8da684405d/diff/tmp/book-control.sock to tar: archive/tar: sockets not supported"
time="2026-09-14T19:08:43.870471125Z" level=debug msg="Applying tar in /home/ubuntu/ai-infra-book-experiments/ch11/11-02/docker-lifecycle/isolated-daemon/full-worker/data/overlay2/ca0111055f09b337c2ea56ce479673835d4528352bbbf2454544d24a2f17cde1/diff" storage-driver=overlay2
time="2026-09-14T19:08:43.879645463Z" level=debug msg="Applied tar sha256:d505e0aada05dd3a321f2459b1c25f73e181ef398261cbb9a1de7340df06d512 to ca0111055f09b337c2ea56ce479673835d4528352bbbf2454544d24a2f17cde1, size: 866667"
time="2026-09-14T19:08:43.915859238Z" level=debug msg=event module=libcontainerd namespace=book1102 topic=/tasks/resumed
time="2026-09-14T19:08:43.930736536Z" level=debug msg="Calling HEAD /_ping"
time="2026-09-14T19:08:43.931025217Z" level=debug msg="Calling POST /v1.43/containers/eb163f35b597e94b4b7205ff0fc12d250e83acdb6e18c0d2192730dcdd9523bc/checkpoints"
time="2026-09-14T19:08:43.931066985Z" level=debug msg="form data: {\"CheckpointDir\":\"/home/ubuntu/ai-infra-book-experiments/ch11/11-02/docker-lifecycle/isolated-daemon/full-worker/results/t0-checkpoint/disconnected\",\"CheckpointID\":\"snap\",\"Exit\":false}"
time="2026-09-14T19:08:43.952122624Z" level=debug msg=event module=libcontainerd namespace=book1102 topic=/tasks/paused
time="2026-09-14T19:08:44.099383002Z" level=debug msg=event module=libcontainerd namespace=book1102 topic=/tasks/resumed
time="2026-09-14T19:08:44.192956929Z" level=debug msg="Calling HEAD /_ping"
time="2026-09-14T19:08:44.193586978Z" level=debug msg="Calling POST /v1.43/containers/create?name=book1102-abb7f011d6-t0-checkpoint-clone0"
time="2026-09-14T19:08:44.193715382Z" level=debug msg="form data: {\"AttachStderr\":true,\"AttachStdin\":false,\"AttachStdout\":true,\"Cmd\":[\"python\",\"-u\",\"/tmp/book-worker.py\"],\"Domainname\":\"\",\"Entrypoint\":null,\"Env\":null,\"HostConfig\":{\"AutoRemove\":false,\"Binds\":null,\"BlkioDeviceReadBps\":[],\"BlkioDeviceReadIOps\":[],\"BlkioDeviceWriteBps\":[],\"BlkioDeviceWriteIOps\":[],\"BlkioWeight\":0,\"BlkioWeightDevice\":[],\"CapAdd\":null,\"CapDrop\":null,\"Cgroup\":\"\",\"CgroupParent\":\"\",\"CgroupnsMode\":\"\",\"ConsoleSize\":[0,0],\"ContainerIDFile\":\"\",\"CpuCount\":0,\"CpuPercent\":0,\"CpuPeriod\":0,\"CpuQuota\":0,\"CpuRealtimePeriod\":0,\"CpuRealtimeRuntime\":0,\"CpuShares\":0,\"CpusetCpus\":\"\",\"CpusetMems\":\"\",\"DeviceCgroupRules\":null,\"DeviceRequests\":null,\"Devices\":[],\"Dns\":[],\"DnsOptions\":[],\"DnsSearch\":[],\"ExtraHosts\":null,\"GroupAdd\":null,\"IOMaximumBandwidth\":0,\"IOMaximumIOps\":0,\"IpcMode\":\"\",\"Isolation\":\"\",\"Links\":null,\"LogConfig\":{\"Config\":{},\"Type\":\"\"},\"MaskedPaths\":null,\"Memory\":268435456,\"MemoryReservation\":0,\"MemorySwap\":268435456,\"MemorySwappiness\":-1,\"NanoCpus\":1000000000,\"NetworkMode\":\"host\",\"OomKillDisable\":false,\"OomScoreAdj\":0,\"PidMode\":\"\",\"PidsLimit\":0,\"PortBindings\":{},\"Privileged\":false,\"PublishAllPorts\":false,\"ReadonlyPaths\":null,\"ReadonlyRootfs\":false,\"RestartPolicy\":{\"MaximumRetryCount\":0,\"Name\":\"no\"},\"SecurityOpt\":null,\"ShmSize\":0,\"UTSMode\":\"\",\"Ulimits\":null,\"UsernsMode\":\"\",\"VolumeDriver\":\"\",\"VolumesFrom\":null},\"Hostname\":\"\",\"Image\":\"book1102-abb7f011d6:t0-checkpoint\",\"Labels\":{\"book.experiment\":\"book1102-abb7f011d6\"},\"NetworkingConfig\":{\"EndpointsConfig\":{}},\"OnBuild\":null,\"OpenStdin\":false,\"StdinOnce\":false,\"Tty\":false,\"User\":\"\",\"Volumes\":{},\"WorkingDir\":\"\"}"
time="2026-09-14T19:08:44.237623091Z" level=debug msg="container mounted via layerStore: /home/ubuntu/ai-infra-book-experiments/ch11/11-02/docker-lifecycle/isolated-daemon/full-worker/data/overlay2/162753d486b427692a518cdab1ed699f1ea2465d6f5b2f05fd750fc58c4df3ba/merged" container=9ce6f34f490a2d9c582549278a1c456e0d1a0e776f745576d3f6074a469cfd6f
time="2026-09-14T19:08:44.259382073Z" level=debug msg="Calling HEAD /_ping"
time="2026-09-14T19:08:44.259588083Z" level=debug msg="Calling HEAD /v1.43/containers/9ce6f34f490a2d9c582549278a1c456e0d1a0e776f745576d3f6074a469cfd6f/archive?path=%2Ftmp%2Fbook-worker.py"
time="2026-09-14T19:08:44.260075558Z" level=debug msg="container mounted via layerStore: /home/ubuntu/ai-infra-book-experiments/ch11/11-02/docker-lifecycle/isolated-daemon/full-worker/data/overlay2/162753d486b427692a518cdab1ed699f1ea2465d6f5b2f05fd750fc58c4df3ba/merged" container=9ce6f34f490a2d9c582549278a1c456e0d1a0e776f745576d3f6074a469cfd6f
time="2026-09-14T19:08:44.264958203Z" level=debug msg="Calling PUT /v1.43/containers/9ce6f34f490a2d9c582549278a1c456e0d1a0e776f745576d3f6074a469cfd6f/archive?noOverwriteDirNonDir=true&path=%2Ftmp"
time="2026-09-14T19:08:44.265398647Z" level=debug msg="container mounted via layerStore: /home/ubuntu/ai-infra-book-experiments/ch11/11-02/docker-lifecycle/isolated-daemon/full-worker/data/overlay2/162753d486b427692a518cdab1ed699f1ea2465d6f5b2f05fd750fc58c4df3ba/merged" container=9ce6f34f490a2d9c582549278a1c456e0d1a0e776f745576d3f6074a469cfd6f
time="2026-09-14T19:08:44.315294658Z" level=debug msg="Calling HEAD /_ping"
time="2026-09-14T19:08:44.315582853Z" level=debug msg="Calling POST /v1.43/containers/9ce6f34f490a2d9c582549278a1c456e0d1a0e776f745576d3f6074a469cfd6f/start?checkpoint=snap"
time="2026-09-14T19:08:44.316154153Z" level=debug msg="container mounted via layerStore: /home/ubuntu/ai-infra-book-experiments/ch11/11-02/docker-lifecycle/isolated-daemon/full-worker/data/overlay2/162753d486b427692a518cdab1ed699f1ea2465d6f5b2f05fd750fc58c4df3ba/merged" container=9ce6f34f490a2d9c582549278a1c456e0d1a0e776f745576d3f6074a469cfd6f
time="2026-09-14T19:08:44.337915661Z" level=debug msg="EnableService 9ce6f34f490a2d9c582549278a1c456e0d1a0e776f745576d3f6074a469cfd6f START"
time="2026-09-14T19:08:44.337932651Z" level=debug msg="EnableService 9ce6f34f490a2d9c582549278a1c456e0d1a0e776f745576d3f6074a469cfd6f DONE"
time="2026-09-14T19:08:44.341404006Z" level=debug msg="createSpec: cgroupsPath: system.slice:docker:9ce6f34f490a2d9c582549278a1c456e0d1a0e776f745576d3f6074a469cfd6f"
time="2026-09-14T19:08:44.341704273Z" level=debug msg="bundle dir created" bundle=/run/book1102-worker/containerd/9ce6f34f490a2d9c582549278a1c456e0d1a0e776f745576d3f6074a469cfd6f module=libcontainerd namespace=book1102 root=/home/ubuntu/ai-infra-book-experiments/ch11/11-02/docker-lifecycle/isolated-daemon/full-worker/data/overlay2/162753d486b427692a518cdab1ed699f1ea2465d6f5b2f05fd750fc58c4df3ba/merged
time="2026-09-14T19:08:44.357009221Z" level=debug msg="Using single walk diff for /home/ubuntu/ai-infra-book-experiments/ch11/11-02/docker-lifecycle/isolated-daemon/full-worker/data/containers/9ce6f34f490a2d9c582549278a1c456e0d1a0e776f745576d3f6074a469cfd6f/checkpoints/snap"
time="2026-09-14T19:08:44.478042928Z" level=error msg="Handler for POST /v1.43/containers/9ce6f34f490a2d9c582549278a1c456e0d1a0e776f745576d3f6074a469cfd6f/start returned error: failed to upload checkpoint to containerd: commit failed: content sha256:cb9ab3e1a9e6ddea803d60c2aad3e9e1107f4167db0f2eb9bb94cf30a3dba71b: already exists"
time="2026-09-14T19:08:44.510923351Z" level=debug msg="Calling HEAD /_ping"
time="2026-09-14T19:08:44.511252515Z" level=debug msg="Calling POST /v1.43/containers/9ce6f34f490a2d9c582549278a1c456e0d1a0e776f745576d3f6074a469cfd6f/start?checkpoint=snap"
time="2026-09-14T19:08:44.511792744Z" level=debug msg="container mounted via layerStore: /home/ubuntu/ai-infra-book-experiments/ch11/11-02/docker-lifecycle/isolated-daemon/full-worker/data/overlay2/162753d486b427692a518cdab1ed699f1ea2465d6f5b2f05fd750fc58c4df3ba/merged" container=9ce6f34f490a2d9c582549278a1c456e0d1a0e776f745576d3f6074a469cfd6f
time="2026-09-14T19:08:44.535004953Z" level=debug msg="EnableService 9ce6f34f490a2d9c582549278a1c456e0d1a0e776f745576d3f6074a469cfd6f START"
time="2026-09-14T19:08:44.535026731Z" level=debug msg="EnableService 9ce6f34f490a2d9c582549278a1c456e0d1a0e776f745576d3f6074a469cfd6f DONE"
time="2026-09-14T19:08:44.538527744Z" level=debug msg="createSpec: cgroupsPath: system.slice:docker:9ce6f34f490a2d9c582549278a1c456e0d1a0e776f745576d3f6074a469cfd6f"
time="2026-09-14T19:08:44.538712851Z" level=debug msg="bundle dir created" bundle=/run/book1102-worker/containerd/9ce6f34f490a2d9c582549278a1c456e0d1a0e776f745576d3f6074a469cfd6f module=libcontainerd namespace=book1102 root=/home/ubuntu/ai-infra-book-experiments/ch11/11-02/docker-lifecycle/isolated-daemon/full-worker/data/overlay2/162753d486b427692a518cdab1ed699f1ea2465d6f5b2f05fd750fc58c4df3ba/merged
time="2026-09-14T19:08:44.553215129Z" level=debug msg="Using single walk diff for /home/ubuntu/ai-infra-book-experiments/ch11/11-02/docker-lifecycle/isolated-daemon/full-worker/data/containers/9ce6f34f490a2d9c582549278a1c456e0d1a0e776f745576d3f6074a469cfd6f/checkpoints/snap"
time="2026-09-14T19:08:44.642214993Z" level=debug msg=event module=libcontainerd namespace=book1102 topic=/tasks/create
time="2026-09-14T19:08:44.714503998Z" level=debug msg=event module=libcontainerd namespace=book1102 topic=/tasks/start
time="2026-09-14T19:08:44.744169369Z" level=debug msg="Calling HEAD /_ping"
time="2026-09-14T19:08:44.744437806Z" level=debug msg="Calling GET /v1.43/containers/9ce6f34f490a2d9c582549278a1c456e0d1a0e776f745576d3f6074a469cfd6f/json"
time="2026-09-14T19:08:44.754957965Z" level=debug msg="Calling HEAD /_ping"
time="2026-09-14T19:08:44.755206982Z" level=debug msg="Calling GET /v1.43/containers/9ce6f34f490a2d9c582549278a1c456e0d1a0e776f745576d3f6074a469cfd6f/json"
time="2026-09-14T19:08:44.756165074Z" level=debug msg="Calling POST /v1.43/containers/9ce6f34f490a2d9c582549278a1c456e0d1a0e776f745576d3f6074a469cfd6f/exec"
time="2026-09-14T19:08:44.756228095Z" level=debug msg="form data: {\"AttachStderr\":true,\"AttachStdin\":true,\"AttachStdout\":true,\"Cmd\":[\"python\",\"-u\",\"-c\",\"import socket,sys,time\\ns=socket.socket(socket.AF_UNIX)\\nfor i in range(100):\\n try:s.connect('/tmp/book-control.sock');break\\n except (FileNotFoundError,ConnectionRefusedError):time.sleep(.02)\\nprint('READY',flush=True)\\nfor line in sys.stdin.buffer:\\n s.sendall(line);data=b''\\n while not data.endswith(b'\\\\n'):\\n  chunk=s.recv(65536)\\n  if not chunk:raise RuntimeError('EOF')\\n  data+=chunk\\n sys.stdout.buffer.write(data);sys.stdout.buffer.flush()\\ns.close()\\n\"],\"Detach\":false,\"DetachKeys\":\"\",\"Env\":null,\"Privileged\":false,\"Tty\":false,\"User\":\"\",\"WorkingDir\":\"\"}"
time="2026-09-14T19:08:44.756451759Z" level=debug msg="Calling POST /v1.43/exec/abfe5ba2302d54f5af7359e88289360151f554096ad3e7d587dcbb966769d471/start"
time="2026-09-14T19:08:44.756473422Z" level=debug msg="form data: {\"Detach\":false,\"Tty\":false}"
time="2026-09-14T19:08:44.756522584Z" level=debug msg="starting exec command abfe5ba2302d54f5af7359e88289360151f554096ad3e7d587dcbb966769d471 in container 9ce6f34f490a2d9c582549278a1c456e0d1a0e776f745576d3f6074a469cfd6f"
time="2026-09-14T19:08:44.757236522Z" level=debug msg="attach: stdin: begin"
time="2026-09-14T19:08:44.757278881Z" level=debug msg="attach: stdout: begin"
time="2026-09-14T19:08:44.757269588Z" level=debug msg="attach: stderr: begin"
time="2026-09-14T19:08:44.758093280Z" level=debug msg=event module=libcontainerd namespace=book1102 topic=/tasks/exec-added
time="2026-09-14T19:08:44.793407707Z" level=debug msg=event module=libcontainerd namespace=book1102 topic=/tasks/exec-started
time="2026-09-14T19:08:44.807520693Z" level=debug msg="Closing buffered stdin pipe"
time="2026-09-14T19:08:44.807567500Z" level=debug msg="attach: stdin: end"
time="2026-09-14T19:08:44.811423176Z" level=debug msg=event module=libcontainerd namespace=book1102 topic=/tasks/exit
time="2026-09-14T19:08:44.811486947Z" level=debug msg="attach: stdout: end"
time="2026-09-14T19:08:44.811501637Z" level=debug msg="attach: stderr: end"
time="2026-09-14T19:08:44.811528322Z" level=debug msg="attach done"
time="2026-09-14T19:08:44.811769198Z" level=debug msg="Calling GET /v1.43/exec/abfe5ba2302d54f5af7359e88289360151f554096ad3e7d587dcbb966769d471/json"
time="2026-09-14T19:08:44.877854270Z" level=debug msg="Calling HEAD /_ping"
time="2026-09-14T19:08:44.878553960Z" level=debug msg="Calling POST /v1.43/containers/create?name=book1102-abb7f011d6-t0-checkpoint-clone1"
time="2026-09-14T19:08:44.878682280Z" level=debug msg="form data: {\"AttachStderr\":true,\"AttachStdin\":false,\"AttachStdout\":true,\"Cmd\":[\"python\",\"-u\",\"/tmp/book-worker.py\"],\"Domainname\":\"\",\"Entrypoint\":null,\"Env\":null,\"HostConfig\":{\"AutoRemove\":false,\"Binds\":null,\"BlkioDeviceReadBps\":[],\"BlkioDeviceReadIOps\":[],\"BlkioDeviceWriteBps\":[],\"BlkioDeviceWriteIOps\":[],\"BlkioWeight\":0,\"BlkioWeightDevice\":[],\"CapAdd\":null,\"CapDrop\":null,\"Cgroup\":\"\",\"CgroupParent\":\"\",\"CgroupnsMode\":\"\",\"ConsoleSize\":[0,0],\"ContainerIDFile\":\"\",\"CpuCount\":0,\"CpuPercent\":0,\"CpuPeriod\":0,\"CpuQuota\":0,\"CpuRealtimePeriod\":0,\"CpuRealtimeRuntime\":0,\"CpuShares\":0,\"CpusetCpus\":\"\",\"CpusetMems\":\"\",\"DeviceCgroupRules\":null,\"DeviceRequests\":null,\"Devices\":[],\"Dns\":[],\"DnsOptions\":[],\"DnsSearch\":[],\"ExtraHosts\":null,\"GroupAdd\":null,\"IOMaximumBandwidth\":0,\"IOMaximumIOps\":0,\"IpcMode\":\"\",\"Isolation\":\"\",\"Links\":null,\"LogConfig\":{\"Config\":{},\"Type\":\"\"},\"MaskedPaths\":null,\"Memory\":268435456,\"MemoryReservation\":0,\"MemorySwap\":268435456,\"MemorySwappiness\":-1,\"NanoCpus\":1000000000,\"NetworkMode\":\"host\",\"OomKillDisable\":false,\"OomScoreAdj\":0,\"PidMode\":\"\",\"PidsLimit\":0,\"PortBindings\":{},\"Privileged\":false,\"PublishAllPorts\":false,\"ReadonlyPaths\":null,\"ReadonlyRootfs\":false,\"RestartPolicy\":{\"MaximumRetryCount\":0,\"Name\":\"no\"},\"SecurityOpt\":null,\"ShmSize\":0,\"UTSMode\":\"\",\"Ulimits\":null,\"UsernsMode\":\"\",\"VolumeDriver\":\"\",\"VolumesFrom\":null},\"Hostname\":\"\",\"Image\":\"book1102-abb7f011d6:t0-checkpoint\",\"Labels\":{\"book.experiment\":\"book1102-abb7f011d6\"},\"NetworkingConfig\":{\"EndpointsConfig\":{}},\"OnBuild\":null,\"OpenStdin\":false,\"StdinOnce\":false,\"Tty\":false,\"User\":\"\",\"Volumes\":{},\"WorkingDir\":\"\"}"
time="2026-09-14T19:08:44.924662610Z" level=debug msg="container mounted via layerStore: /home/ubuntu/ai-infra-book-experiments/ch11/11-02/docker-lifecycle/isolated-daemon/full-worker/data/overlay2/695681d733024085b16569863f2cab408fb0b3156faa83d3c9452671f278893f/merged" container=f6d73cc51a6a2cf8e860b93e5e373f572c716349baf94691be5790ef85712934
time="2026-09-14T19:08:44.949718820Z" level=debug msg="Calling HEAD /_ping"
time="2026-09-14T19:08:44.949952540Z" level=debug msg="Calling HEAD /v1.43/containers/f6d73cc51a6a2cf8e860b93e5e373f572c716349baf94691be5790ef85712934/archive?path=%2Ftmp%2Fbook-worker.py"
time="2026-09-14T19:08:44.950466481Z" level=debug msg="container mounted via layerStore: /home/ubuntu/ai-infra-book-experiments/ch11/11-02/docker-lifecycle/isolated-daemon/full-worker/data/overlay2/695681d733024085b16569863f2cab408fb0b3156faa83d3c9452671f278893f/merged" container=f6d73cc51a6a2cf8e860b93e5e373f572c716349baf94691be5790ef85712934
time="2026-09-14T19:08:44.955089756Z" level=debug msg="Calling PUT /v1.43/containers/f6d73cc51a6a2cf8e860b93e5e373f572c716349baf94691be5790ef85712934/archive?noOverwriteDirNonDir=true&path=%2Ftmp"
time="2026-09-14T19:08:44.955512690Z" level=debug msg="container mounted via layerStore: /home/ubuntu/ai-infra-book-experiments/ch11/11-02/docker-lifecycle/isolated-daemon/full-worker/data/overlay2/695681d733024085b16569863f2cab408fb0b3156faa83d3c9452671f278893f/merged" container=f6d73cc51a6a2cf8e860b93e5e373f572c716349baf94691be5790ef85712934
time="2026-09-14T19:08:45.008449147Z" level=debug msg="Calling HEAD /_ping"
time="2026-09-14T19:08:45.008721193Z" level=debug msg="Calling POST /v1.43/containers/f6d73cc51a6a2cf8e860b93e5e373f572c716349baf94691be5790ef85712934/start?checkpoint=snap"
time="2026-09-14T19:08:45.009269748Z" level=debug msg="container mounted via layerStore: /home/ubuntu/ai-infra-book-experiments/ch11/11-02/docker-lifecycle/isolated-daemon/full-worker/data/overlay2/695681d733024085b16569863f2cab408fb0b3156faa83d3c9452671f278893f/merged" container=f6d73cc51a6a2cf8e860b93e5e373f572c716349baf94691be5790ef85712934
time="2026-09-14T19:08:45.041077453Z" level=debug msg="EnableService f6d73cc51a6a2cf8e860b93e5e373f572c716349baf94691be5790ef85712934 START"
time="2026-09-14T19:08:45.041095371Z" level=debug msg="EnableService f6d73cc51a6a2cf8e860b93e5e373f572c716349baf94691be5790ef85712934 DONE"
time="2026-09-14T19:08:45.044491138Z" level=debug msg="createSpec: cgroupsPath: system.slice:docker:f6d73cc51a6a2cf8e860b93e5e373f572c716349baf94691be5790ef85712934"
time="2026-09-14T19:08:45.044710651Z" level=debug msg="bundle dir created" bundle=/run/book1102-worker/containerd/f6d73cc51a6a2cf8e860b93e5e373f572c716349baf94691be5790ef85712934 module=libcontainerd namespace=book1102 root=/home/ubuntu/ai-infra-book-experiments/ch11/11-02/docker-lifecycle/isolated-daemon/full-worker/data/overlay2/695681d733024085b16569863f2cab408fb0b3156faa83d3c9452671f278893f/merged
time="2026-09-14T19:08:45.061292439Z" level=debug msg="Using single walk diff for /home/ubuntu/ai-infra-book-experiments/ch11/11-02/docker-lifecycle/isolated-daemon/full-worker/data/containers/f6d73cc51a6a2cf8e860b93e5e373f572c716349baf94691be5790ef85712934/checkpoints/snap"
time="2026-09-14T19:08:45.147513189Z" level=debug msg=event module=libcontainerd namespace=book1102 topic=/tasks/create
time="2026-09-14T19:08:45.210676460Z" level=debug msg=event module=libcontainerd namespace=book1102 topic=/tasks/start
time="2026-09-14T19:08:45.234181127Z" level=debug msg="Calling HEAD /_ping"
time="2026-09-14T19:08:45.234449373Z" level=debug msg="Calling GET /v1.43/containers/f6d73cc51a6a2cf8e860b93e5e373f572c716349baf94691be5790ef85712934/json"
time="2026-09-14T19:08:45.244527395Z" level=debug msg="Calling HEAD /_ping"
time="2026-09-14T19:08:45.244803725Z" level=debug msg="Calling GET /v1.43/containers/f6d73cc51a6a2cf8e860b93e5e373f572c716349baf94691be5790ef85712934/json"
time="2026-09-14T19:08:45.245759554Z" level=debug msg="Calling POST /v1.43/containers/f6d73cc51a6a2cf8e860b93e5e373f572c716349baf94691be5790ef85712934/exec"
time="2026-09-14T19:08:45.245820745Z" level=debug msg="form data: {\"AttachStderr\":true,\"AttachStdin\":true,\"AttachStdout\":true,\"Cmd\":[\"python\",\"-u\",\"-c\",\"import socket,sys,time\\ns=socket.socket(socket.AF_UNIX)\\nfor i in range(100):\\n try:s.connect('/tmp/book-control.sock');break\\n except (FileNotFoundError,ConnectionRefusedError):time.sleep(.02)\\nprint('READY',flush=True)\\nfor line in sys.stdin.buffer:\\n s.sendall(line);data=b''\\n while not data.endswith(b'\\\\n'):\\n  chunk=s.recv(65536)\\n  if not chunk:raise RuntimeError('EOF')\\n  data+=chunk\\n sys.stdout.buffer.write(data);sys.stdout.buffer.flush()\\ns.close()\\n\"],\"Detach\":false,\"DetachKeys\":\"\",\"Env\":null,\"Privileged\":false,\"Tty\":false,\"User\":\"\",\"WorkingDir\":\"\"}"
time="2026-09-14T19:08:45.246067740Z" level=debug msg="Calling POST /v1.43/exec/f7cc0e8d4b819b27fea9178f18671130fabe47cace7c0ede6bb7a48b46bf6f49/start"
time="2026-09-14T19:08:45.246097285Z" level=debug msg="form data: {\"Detach\":false,\"Tty\":false}"
time="2026-09-14T19:08:45.246146645Z" level=debug msg="starting exec command f7cc0e8d4b819b27fea9178f18671130fabe47cace7c0ede6bb7a48b46bf6f49 in container f6d73cc51a6a2cf8e860b93e5e373f572c716349baf94691be5790ef85712934"
time="2026-09-14T19:08:45.246882150Z" level=debug msg="attach: stderr: begin"
time="2026-09-14T19:08:45.246883841Z" level=debug msg="attach: stdout: begin"
time="2026-09-14T19:08:45.246886970Z" level=debug msg="attach: stdin: begin"
time="2026-09-14T19:08:45.247626106Z" level=debug msg=event module=libcontainerd namespace=book1102 topic=/tasks/exec-added
time="2026-09-14T19:08:45.277336037Z" level=debug msg=event module=libcontainerd namespace=book1102 topic=/tasks/exec-started
time="2026-09-14T19:08:45.291923629Z" level=debug msg="Closing buffered stdin pipe"
time="2026-09-14T19:08:45.291961533Z" level=debug msg="attach: stdin: end"
time="2026-09-14T19:08:45.295994711Z" level=debug msg=event module=libcontainerd namespace=book1102 topic=/tasks/exit
time="2026-09-14T19:08:45.296069632Z" level=debug msg="attach: stdout: end"
time="2026-09-14T19:08:45.296085629Z" level=debug msg="attach: stderr: end"
time="2026-09-14T19:08:45.296132240Z" level=debug msg="attach done"
time="2026-09-14T19:08:45.296671262Z" level=debug msg="Calling GET /v1.43/exec/f7cc0e8d4b819b27fea9178f18671130fabe47cace7c0ede6bb7a48b46bf6f49/json"
time="2026-09-14T19:08:45.363569657Z" level=debug msg="Calling HEAD /_ping"
time="2026-09-14T19:08:45.363849457Z" level=debug msg="Calling GET /v1.43/containers/9ce6f34f490a2d9c582549278a1c456e0d1a0e776f745576d3f6074a469cfd6f/json"
time="2026-09-14T19:08:45.374305179Z" level=debug msg="Calling HEAD /_ping"
time="2026-09-14T19:08:45.374567659Z" level=debug msg="Calling GET /v1.43/containers/9ce6f34f490a2d9c582549278a1c456e0d1a0e776f745576d3f6074a469cfd6f/json"
time="2026-09-14T19:08:45.375404238Z" level=debug msg="Calling POST /v1.43/containers/9ce6f34f490a2d9c582549278a1c456e0d1a0e776f745576d3f6074a469cfd6f/exec"
time="2026-09-14T19:08:45.375467274Z" level=debug msg="form data: {\"AttachStderr\":true,\"AttachStdin\":true,\"AttachStdout\":true,\"Cmd\":[\"python\",\"-u\",\"-c\",\"import socket,sys,time\\ns=socket.socket(socket.AF_UNIX)\\nfor i in range(100):\\n try:s.connect('/tmp/book-control.sock');break\\n except (FileNotFoundError,ConnectionRefusedError):time.sleep(.02)\\nprint('READY',flush=True)\\nfor line in sys.stdin.buffer:\\n s.sendall(line);data=b''\\n while not data.endswith(b'\\\\n'):\\n  chunk=s.recv(65536)\\n  if not chunk:raise RuntimeError('EOF')\\n  data+=chunk\\n sys.stdout.buffer.write(data);sys.stdout.buffer.flush()\\ns.close()\\n\"],\"Detach\":false,\"DetachKeys\":\"\",\"Env\":null,\"Privileged\":false,\"Tty\":false,\"User\":\"\",\"WorkingDir\":\"\"}"
time="2026-09-14T19:08:45.375670976Z" level=debug msg="Calling POST /v1.43/exec/1353356f4464a067d44bba907412f23c9bccc8fc82ab99645955fd173991be13/start"
time="2026-09-14T19:08:45.375696967Z" level=debug msg="form data: {\"Detach\":false,\"Tty\":false}"
time="2026-09-14T19:08:45.375742796Z" level=debug msg="starting exec command 1353356f4464a067d44bba907412f23c9bccc8fc82ab99645955fd173991be13 in container 9ce6f34f490a2d9c582549278a1c456e0d1a0e776f745576d3f6074a469cfd6f"
time="2026-09-14T19:08:45.376458144Z" level=debug msg="attach: stdout: begin"
time="2026-09-14T19:08:45.376459770Z" level=debug msg="attach: stderr: begin"
time="2026-09-14T19:08:45.376475240Z" level=debug msg="attach: stdin: begin"
time="2026-09-14T19:08:45.377072614Z" level=debug msg=event module=libcontainerd namespace=book1102 topic=/tasks/exec-added
time="2026-09-14T19:08:45.408190657Z" level=debug msg=event module=libcontainerd namespace=book1102 topic=/tasks/exec-started
time="2026-09-14T19:08:45.422402997Z" level=debug msg="Closing buffered stdin pipe"
time="2026-09-14T19:08:45.422449443Z" level=debug msg="attach: stdin: end"
time="2026-09-14T19:08:45.426427520Z" level=debug msg=event module=libcontainerd namespace=book1102 topic=/tasks/exit
time="2026-09-14T19:08:45.426506672Z" level=debug msg="attach: stdout: end"
time="2026-09-14T19:08:45.426521983Z" level=debug msg="attach: stderr: end"
time="2026-09-14T19:08:45.426548437Z" level=debug msg="attach done"
time="2026-09-14T19:08:45.426804408Z" level=debug msg="Calling GET /v1.43/exec/1353356f4464a067d44bba907412f23c9bccc8fc82ab99645955fd173991be13/json"
time="2026-09-14T19:08:45.438076927Z" level=debug msg="Calling HEAD /_ping"
time="2026-09-14T19:08:45.438338445Z" level=debug msg="Calling GET /v1.43/containers/f6d73cc51a6a2cf8e860b93e5e373f572c716349baf94691be5790ef85712934/json"
time="2026-09-14T19:08:45.448754709Z" level=debug msg="Calling HEAD /_ping"
time="2026-09-14T19:08:45.448993940Z" level=debug msg="Calling GET /v1.43/containers/f6d73cc51a6a2cf8e860b93e5e373f572c716349baf94691be5790ef85712934/json"
time="2026-09-14T19:08:45.449829119Z" level=debug msg="Calling POST /v1.43/containers/f6d73cc51a6a2cf8e860b93e5e373f572c716349baf94691be5790ef85712934/exec"
time="2026-09-14T19:08:45.449890622Z" level=debug msg="form data: {\"AttachStderr\":true,\"AttachStdin\":true,\"AttachStdout\":true,\"Cmd\":[\"python\",\"-u\",\"-c\",\"import socket,sys,time\\ns=socket.socket(socket.AF_UNIX)\\nfor i in range(100):\\n try:s.connect('/tmp/book-control.sock');break\\n except (FileNotFoundError,ConnectionRefusedError):time.sleep(.02)\\nprint('READY',flush=True)\\nfor line in sys.stdin.buffer:\\n s.sendall(line);data=b''\\n while not data.endswith(b'\\\\n'):\\n  chunk=s.recv(65536)\\n  if not chunk:raise RuntimeError('EOF')\\n  data+=chunk\\n sys.stdout.buffer.write(data);sys.stdout.buffer.flush()\\ns.close()\\n\"],\"Detach\":false,\"DetachKeys\":\"\",\"Env\":null,\"Privileged\":false,\"Tty\":false,\"User\":\"\",\"WorkingDir\":\"\"}"
time="2026-09-14T19:08:45.450144925Z" level=debug msg="Calling POST /v1.43/exec/1b1b77132d1f5567a64d160a6fc2bd54d31b06c83de05d2fd6308a3e3ffca261/start"
time="2026-09-14T19:08:45.450189853Z" level=debug msg="form data: {\"Detach\":false,\"Tty\":false}"
time="2026-09-14T19:08:45.450256021Z" level=debug msg="starting exec command 1b1b77132d1f5567a64d160a6fc2bd54d31b06c83de05d2fd6308a3e3ffca261 in container f6d73cc51a6a2cf8e860b93e5e373f572c716349baf94691be5790ef85712934"
time="2026-09-14T19:08:45.450948791Z" level=debug msg="attach: stdin: begin"
time="2026-09-14T19:08:45.450961580Z" level=debug msg="attach: stdout: begin"
time="2026-09-14T19:08:45.450968804Z" level=debug msg="attach: stderr: begin"
time="2026-09-14T19:08:45.451529303Z" level=debug msg=event module=libcontainerd namespace=book1102 topic=/tasks/exec-added
time="2026-09-14T19:08:45.474742276Z" level=debug msg=event module=libcontainerd namespace=book1102 topic=/tasks/exec-started
time="2026-09-14T19:08:45.488330443Z" level=debug msg="Closing buffered stdin pipe"
time="2026-09-14T19:08:45.488372860Z" level=debug msg="attach: stdin: end"
time="2026-09-14T19:08:45.492065752Z" level=debug msg=event module=libcontainerd namespace=book1102 topic=/tasks/exit
time="2026-09-14T19:08:45.492143718Z" level=debug msg="attach: stdout: end"
time="2026-09-14T19:08:45.492153687Z" level=debug msg="attach: stderr: end"
time="2026-09-14T19:08:45.492177891Z" level=debug msg="attach done"
time="2026-09-14T19:08:45.492419094Z" level=debug msg="Calling GET /v1.43/exec/1b1b77132d1f5567a64d160a6fc2bd54d31b06c83de05d2fd6308a3e3ffca261/json"
time="2026-09-14T19:08:45.503983732Z" level=debug msg="Calling HEAD /_ping"
time="2026-09-14T19:08:45.504238451Z" level=debug msg="Calling GET /v1.43/containers/eb163f35b597e94b4b7205ff0fc12d250e83acdb6e18c0d2192730dcdd9523bc/json"
time="2026-09-14T19:08:45.514451779Z" level=debug msg="Calling HEAD /_ping"
time="2026-09-14T19:08:45.514682265Z" level=debug msg="Calling GET /v1.43/containers/eb163f35b597e94b4b7205ff0fc12d250e83acdb6e18c0d2192730dcdd9523bc/json"
time="2026-09-14T19:08:45.515526167Z" level=debug msg="Calling POST /v1.43/containers/eb163f35b597e94b4b7205ff0fc12d250e83acdb6e18c0d2192730dcdd9523bc/exec"
time="2026-09-14T19:08:45.515586573Z" level=debug msg="form data: {\"AttachStderr\":true,\"AttachStdin\":true,\"AttachStdout\":true,\"Cmd\":[\"python\",\"-u\",\"-c\",\"import socket,sys,time\\ns=socket.socket(socket.AF_UNIX)\\nfor i in range(100):\\n try:s.connect('/tmp/book-control.sock');break\\n except (FileNotFoundError,ConnectionRefusedError):time.sleep(.02)\\nprint('READY',flush=True)\\nfor line in sys.stdin.buffer:\\n s.sendall(line);data=b''\\n while not data.endswith(b'\\\\n'):\\n  chunk=s.recv(65536)\\n  if not chunk:raise RuntimeError('EOF')\\n  data+=chunk\\n sys.stdout.buffer.write(data);sys.stdout.buffer.flush()\\ns.close()\\n\"],\"Detach\":false,\"DetachKeys\":\"\",\"Env\":null,\"Privileged\":false,\"Tty\":false,\"User\":\"\",\"WorkingDir\":\"\"}"
time="2026-09-14T19:08:45.515810238Z" level=debug msg="Calling POST /v1.43/exec/3ac8d4a7a11820237f7b834c71b8d4a624fd22d0b244192c07154439d1ef69ff/start"
time="2026-09-14T19:08:45.515835232Z" level=debug msg="form data: {\"Detach\":false,\"Tty\":false}"
time="2026-09-14T19:08:45.515879577Z" level=debug msg="starting exec command 3ac8d4a7a11820237f7b834c71b8d4a624fd22d0b244192c07154439d1ef69ff in container eb163f35b597e94b4b7205ff0fc12d250e83acdb6e18c0d2192730dcdd9523bc"
time="2026-09-14T19:08:45.516614260Z" level=debug msg="attach: stdin: begin"
time="2026-09-14T19:08:45.516621755Z" level=debug msg="attach: stdout: begin"
time="2026-09-14T19:08:45.516627356Z" level=debug msg="attach: stderr: begin"
time="2026-09-14T19:08:45.517230452Z" level=debug msg=event module=libcontainerd namespace=book1102 topic=/tasks/exec-added
time="2026-09-14T19:08:45.550080720Z" level=debug msg=event module=libcontainerd namespace=book1102 topic=/tasks/exec-started
time="2026-09-14T19:08:45.559393484Z" level=debug msg="Closing buffered stdin pipe"
time="2026-09-14T19:08:45.559424675Z" level=debug msg="attach: stdin: end"
time="2026-09-14T19:08:45.563259332Z" level=debug msg=event module=libcontainerd namespace=book1102 topic=/tasks/exit
time="2026-09-14T19:08:45.563337180Z" level=debug msg="attach: stdout: end"
time="2026-09-14T19:08:45.563340644Z" level=debug msg="attach: stderr: end"
time="2026-09-14T19:08:45.563368187Z" level=debug msg="attach done"
time="2026-09-14T19:08:45.563576446Z" level=debug msg="Calling GET /v1.43/exec/3ac8d4a7a11820237f7b834c71b8d4a624fd22d0b244192c07154439d1ef69ff/json"
time="2026-09-14T19:08:45.671356061Z" level=debug msg="Calling HEAD /_ping"
time="2026-09-14T19:08:45.671657342Z" level=debug msg="Calling DELETE /v1.43/containers/eb163f35b597e94b4b7205ff0fc12d250e83acdb6e18c0d2192730dcdd9523bc?force=1"
time="2026-09-14T19:08:45.671688016Z" level=debug msg="Sending kill signal 9 to container eb163f35b597e94b4b7205ff0fc12d250e83acdb6e18c0d2192730dcdd9523bc"
time="2026-09-14T19:08:45.691427391Z" level=debug msg=event module=libcontainerd namespace=book1102 topic=/tasks/exit
time="2026-09-14T19:08:55.693306718Z" level=error msg="Container failed to exit within 10s of kill - trying direct SIGKILL" container=eb163f35b597e94b4b7205ff0fc12d250e83acdb6e18c0d2192730dcdd9523bc error="context deadline exceeded"
time="2026-09-14T19:09:15.691877859Z" level=warning msg="failed to delete container from containerd" container=eb163f35b597e94b4b7205ff0fc12d250e83acdb6e18c0d2192730dcdd9523bc error="failed to delete task: context deadline exceeded: unknown"
time="2026-09-14T19:09:15.692752079Z" level=error msg="eb163f35b597e94b4b7205ff0fc12d250e83acdb6e18c0d2192730dcdd9523bc cleanup: failed to delete container from containerd: cannot delete running task eb163f35b597e94b4b7205ff0fc12d250e83acdb6e18c0d2192730dcdd9523bc: failed precondition"
time="2026-09-14T19:09:15.761122577Z" level=debug msg="Calling HEAD /_ping"
time="2026-09-14T19:09:15.761438015Z" level=debug msg="Calling DELETE /v1.43/containers/9ce6f34f490a2d9c582549278a1c456e0d1a0e776f745576d3f6074a469cfd6f?force=1"
time="2026-09-14T19:09:15.761468481Z" level=debug msg="Sending kill signal 9 to container 9ce6f34f490a2d9c582549278a1c456e0d1a0e776f745576d3f6074a469cfd6f"
time="2026-09-14T19:09:15.776805992Z" level=debug msg=event module=libcontainerd namespace=book1102 topic=/tasks/exit
time="2026-09-14T19:09:15.783566792Z" level=debug msg=event module=libcontainerd namespace=book1102 topic=/tasks/delete
time="2026-09-14T19:09:15.783591683Z" level=info msg="ignoring event" container=9ce6f34f490a2d9c582549278a1c456e0d1a0e776f745576d3f6074a469cfd6f module=libcontainerd namespace=book1102 topic=/tasks/delete type="*events.TaskDelete"
time="2026-09-14T19:09:15.855918236Z" level=debug msg="Calling HEAD /_ping"
time="2026-09-14T19:09:15.856213390Z" level=debug msg="Calling DELETE /v1.43/containers/f6d73cc51a6a2cf8e860b93e5e373f572c716349baf94691be5790ef85712934?force=1"
time="2026-09-14T19:09:15.856234306Z" level=debug msg="Sending kill signal 9 to container f6d73cc51a6a2cf8e860b93e5e373f572c716349baf94691be5790ef85712934"
time="2026-09-14T19:09:15.869729263Z" level=debug msg=event module=libcontainerd namespace=book1102 topic=/tasks/exit
time="2026-09-14T19:09:15.876813278Z" level=debug msg=event module=libcontainerd namespace=book1102 topic=/tasks/delete
time="2026-09-14T19:09:15.876843210Z" level=info msg="ignoring event" container=f6d73cc51a6a2cf8e860b93e5e373f572c716349baf94691be5790ef85712934 module=libcontainerd namespace=book1102 topic=/tasks/delete type="*events.TaskDelete"
time="2026-09-14T19:09:15.961752277Z" level=debug msg="Calling HEAD /_ping"
time="2026-09-14T19:09:15.962459117Z" level=debug msg="Calling POST /v1.43/containers/create?name=book1102-abb7f011d6-t0-pause"
time="2026-09-14T19:09:15.962588504Z" level=debug msg="form data: {\"AttachStderr\":true,\"AttachStdin\":false,\"AttachStdout\":true,\"Cmd\":[\"python\",\"-u\",\"/tmp/book-worker.py\"],\"Domainname\":\"\",\"Entrypoint\":null,\"Env\":null,\"HostConfig\":{\"AutoRemove\":false,\"Binds\":null,\"BlkioDeviceReadBps\":[],\"BlkioDeviceReadIOps\":[],\"BlkioDeviceWriteBps\":[],\"BlkioDeviceWriteIOps\":[],\"BlkioWeight\":0,\"BlkioWeightDevice\":[],\"CapAdd\":null,\"CapDrop\":null,\"Cgroup\":\"\",\"CgroupParent\":\"\",\"CgroupnsMode\":\"\",\"ConsoleSize\":[0,0],\"ContainerIDFile\":\"\",\"CpuCount\":0,\"CpuPercent\":0,\"CpuPeriod\":0,\"CpuQuota\":0,\"CpuRealtimePeriod\":0,\"CpuRealtimeRuntime\":0,\"CpuShares\":0,\"CpusetCpus\":\"\",\"CpusetMems\":\"\",\"DeviceCgroupRules\":null,\"DeviceRequests\":null,\"Devices\":[],\"Dns\":[],\"DnsOptions\":[],\"DnsSearch\":[],\"ExtraHosts\":null,\"GroupAdd\":null,\"IOMaximumBandwidth\":0,\"IOMaximumIOps\":0,\"IpcMode\":\"\",\"Isolation\":\"\",\"Links\":null,\"LogConfig\":{\"Config\":{},\"Type\":\"\"},\"MaskedPaths\":null,\"Memory\":268435456,\"MemoryReservation\":0,\"MemorySwap\":268435456,\"MemorySwappiness\":-1,\"NanoCpus\":1000000000,\"NetworkMode\":\"host\",\"OomKillDisable\":false,\"OomScoreAdj\":0,\"PidMode\":\"\",\"PidsLimit\":0,\"PortBindings\":{},\"Privileged\":false,\"PublishAllPorts\":false,\"ReadonlyPaths\":null,\"ReadonlyRootfs\":false,\"RestartPolicy\":{\"MaximumRetryCount\":0,\"Name\":\"no\"},\"SecurityOpt\":null,\"ShmSize\":0,\"UTSMode\":\"\",\"Ulimits\":null,\"UsernsMode\":\"\",\"VolumeDriver\":\"\",\"VolumesFrom\":null},\"Hostname\":\"\",\"Image\":\"sha256:002792ac193538382f4aa5b2f696e5669c20e3c972e60d75e6df90d64d4e696e\",\"Labels\":{\"book.experiment\":\"book1102-abb7f011d6\"},\"NetworkingConfig\":{\"EndpointsConfig\":{}},\"OnBuild\":null,\"OpenStdin\":false,\"StdinOnce\":false,\"Tty\":false,\"User\":\"\",\"Volumes\":{},\"WorkingDir\":\"\"}"
time="2026-09-14T19:09:15.992573998Z" level=debug msg="container mounted via layerStore: /home/ubuntu/ai-infra-book-experiments/ch11/11-02/docker-lifecycle/isolated-daemon/full-worker/data/overlay2/ce326cf019e73a9e5e7d04530c41a20d94b8bb56473857bb9a0dca149cb008f5/merged" container=feffea5648b6b2a3e878d8844386b7e10090fbb03bb077753bdadb918c10f82d
time="2026-09-14T19:09:16.015028988Z" level=debug msg="Calling HEAD /_ping"
time="2026-09-14T19:09:16.015259494Z" level=debug msg="Calling HEAD /v1.43/containers/feffea5648b6b2a3e878d8844386b7e10090fbb03bb077753bdadb918c10f82d/archive?path=%2Ftmp%2Fbook-worker.py"
time="2026-09-14T19:09:16.015710396Z" level=debug msg="container mounted via layerStore: /home/ubuntu/ai-infra-book-experiments/ch11/11-02/docker-lifecycle/isolated-daemon/full-worker/data/overlay2/ce326cf019e73a9e5e7d04530c41a20d94b8bb56473857bb9a0dca149cb008f5/merged" container=feffea5648b6b2a3e878d8844386b7e10090fbb03bb077753bdadb918c10f82d
time="2026-09-14T19:09:16.020748322Z" level=debug msg="Calling PUT /v1.43/containers/feffea5648b6b2a3e878d8844386b7e10090fbb03bb077753bdadb918c10f82d/archive?noOverwriteDirNonDir=true&path=%2Ftmp"
time="2026-09-14T19:09:16.021116062Z" level=debug msg="container mounted via layerStore: /home/ubuntu/ai-infra-book-experiments/ch11/11-02/docker-lifecycle/isolated-daemon/full-worker/data/overlay2/ce326cf019e73a9e5e7d04530c41a20d94b8bb56473857bb9a0dca149cb008f5/merged" container=feffea5648b6b2a3e878d8844386b7e10090fbb03bb077753bdadb918c10f82d
time="2026-09-14T19:09:16.032022952Z" level=debug msg="Calling HEAD /_ping"
time="2026-09-14T19:09:16.032337519Z" level=debug msg="Calling POST /v1.43/containers/feffea5648b6b2a3e878d8844386b7e10090fbb03bb077753bdadb918c10f82d/start"
time="2026-09-14T19:09:16.032834296Z" level=debug msg="container mounted via layerStore: /home/ubuntu/ai-infra-book-experiments/ch11/11-02/docker-lifecycle/isolated-daemon/full-worker/data/overlay2/ce326cf019e73a9e5e7d04530c41a20d94b8bb56473857bb9a0dca149cb008f5/merged" container=feffea5648b6b2a3e878d8844386b7e10090fbb03bb077753bdadb918c10f82d
time="2026-09-14T19:09:16.055640842Z" level=debug msg="EnableService feffea5648b6b2a3e878d8844386b7e10090fbb03bb077753bdadb918c10f82d START"
time="2026-09-14T19:09:16.055659863Z" level=debug msg="EnableService feffea5648b6b2a3e878d8844386b7e10090fbb03bb077753bdadb918c10f82d DONE"
time="2026-09-14T19:09:16.059079663Z" level=debug msg="createSpec: cgroupsPath: system.slice:docker:feffea5648b6b2a3e878d8844386b7e10090fbb03bb077753bdadb918c10f82d"
time="2026-09-14T19:09:16.059416539Z" level=debug msg="bundle dir created" bundle=/run/book1102-worker/containerd/feffea5648b6b2a3e878d8844386b7e10090fbb03bb077753bdadb918c10f82d module=libcontainerd namespace=book1102 root=/home/ubuntu/ai-infra-book-experiments/ch11/11-02/docker-lifecycle/isolated-daemon/full-worker/data/overlay2/ce326cf019e73a9e5e7d04530c41a20d94b8bb56473857bb9a0dca149cb008f5/merged
time="2026-09-14T19:09:16.128318850Z" level=debug msg=event module=libcontainerd namespace=book1102 topic=/tasks/create
time="2026-09-14T19:09:16.133486219Z" level=debug msg=event module=libcontainerd namespace=book1102 topic=/tasks/start
time="2026-09-14T19:09:16.155837172Z" level=debug msg="Calling HEAD /_ping"
time="2026-09-14T19:09:16.156138875Z" level=debug msg="Calling GET /v1.43/containers/feffea5648b6b2a3e878d8844386b7e10090fbb03bb077753bdadb918c10f82d/json"
time="2026-09-14T19:09:16.166386130Z" level=debug msg="Calling HEAD /_ping"
time="2026-09-14T19:09:16.166640845Z" level=debug msg="Calling GET /v1.43/containers/feffea5648b6b2a3e878d8844386b7e10090fbb03bb077753bdadb918c10f82d/json"
time="2026-09-14T19:09:16.167559231Z" level=debug msg="Calling POST /v1.43/containers/feffea5648b6b2a3e878d8844386b7e10090fbb03bb077753bdadb918c10f82d/exec"
time="2026-09-14T19:09:16.167614340Z" level=debug msg="form data: {\"AttachStderr\":true,\"AttachStdin\":true,\"AttachStdout\":true,\"Cmd\":[\"python\",\"-u\",\"-c\",\"import socket,sys,time\\ns=socket.socket(socket.AF_UNIX)\\nfor i in range(100):\\n try:s.connect('/tmp/book-control.sock');break\\n except (FileNotFoundError,ConnectionRefusedError):time.sleep(.02)\\nprint('READY',flush=True)\\nfor line in sys.stdin.buffer:\\n s.sendall(line);data=b''\\n while not data.endswith(b'\\\\n'):\\n  chunk=s.recv(65536)\\n  if not chunk:raise RuntimeError('EOF')\\n  data+=chunk\\n sys.stdout.buffer.write(data);sys.stdout.buffer.flush()\\ns.close()\\n\"],\"Detach\":false,\"DetachKeys\":\"\",\"Env\":null,\"Privileged\":false,\"Tty\":false,\"User\":\"\",\"WorkingDir\":\"\"}"
time="2026-09-14T19:09:16.167867856Z" level=debug msg="Calling POST /v1.43/exec/452175034aaf14a9a852e1064bb41aa5d50f132a287e3afba6df911362fe2826/start"
time="2026-09-14T19:09:16.167888673Z" level=debug msg="form data: {\"Detach\":false,\"Tty\":false}"
time="2026-09-14T19:09:16.167935170Z" level=debug msg="starting exec command 452175034aaf14a9a852e1064bb41aa5d50f132a287e3afba6df911362fe2826 in container feffea5648b6b2a3e878d8844386b7e10090fbb03bb077753bdadb918c10f82d"
time="2026-09-14T19:09:16.168613487Z" level=debug msg="attach: stdin: begin"
time="2026-09-14T19:09:16.168631939Z" level=debug msg="attach: stdout: begin"
time="2026-09-14T19:09:16.168633590Z" level=debug msg="attach: stderr: begin"
time="2026-09-14T19:09:16.169403320Z" level=debug msg=event module=libcontainerd namespace=book1102 topic=/tasks/exec-added
time="2026-09-14T19:09:16.209144620Z" level=debug msg=event module=libcontainerd namespace=book1102 topic=/tasks/exec-started
time="2026-09-14T19:09:16.230167007Z" level=debug msg="Calling HEAD /_ping"
time="2026-09-14T19:09:16.230490084Z" level=debug msg="Calling POST /v1.43/containers/feffea5648b6b2a3e878d8844386b7e10090fbb03bb077753bdadb918c10f82d/pause"
time="2026-09-14T19:09:16.246327453Z" level=debug msg=event module=libcontainerd namespace=book1102 topic=/tasks/paused
time="2026-09-14T19:09:16.267116882Z" level=debug msg="Calling HEAD /_ping"
time="2026-09-14T19:09:16.267377203Z" level=debug msg="Calling GET /v1.43/containers/feffea5648b6b2a3e878d8844386b7e10090fbb03bb077753bdadb918c10f82d/json"
time="2026-09-14T19:09:16.478840214Z" level=debug msg="Calling HEAD /_ping"
time="2026-09-14T19:09:16.479121391Z" level=debug msg="Calling POST /v1.43/containers/feffea5648b6b2a3e878d8844386b7e10090fbb03bb077753bdadb918c10f82d/unpause"
time="2026-09-14T19:09:16.483278754Z" level=debug msg=event module=libcontainerd namespace=book1102 topic=/tasks/resumed
time="2026-09-14T19:09:16.497301590Z" level=debug msg="Closing buffered stdin pipe"
time="2026-09-14T19:09:16.497342103Z" level=debug msg="attach: stdin: end"
time="2026-09-14T19:09:16.501445504Z" level=debug msg=event module=libcontainerd namespace=book1102 topic=/tasks/exit
time="2026-09-14T19:09:16.501514554Z" level=debug msg="attach: stdout: end"
time="2026-09-14T19:09:16.501520293Z" level=debug msg="attach: stderr: end"
time="2026-09-14T19:09:16.501542220Z" level=debug msg="attach done"
time="2026-09-14T19:09:16.501787205Z" level=debug msg="Calling GET /v1.43/exec/452175034aaf14a9a852e1064bb41aa5d50f132a287e3afba6df911362fe2826/json"
time="2026-09-14T19:09:16.513041550Z" level=debug msg="Calling HEAD /_ping"
time="2026-09-14T19:09:16.513334383Z" level=debug msg="Calling DELETE /v1.43/containers/feffea5648b6b2a3e878d8844386b7e10090fbb03bb077753bdadb918c10f82d?force=1"
time="2026-09-14T19:09:16.513370554Z" level=debug msg="Sending kill signal 9 to container feffea5648b6b2a3e878d8844386b7e10090fbb03bb077753bdadb918c10f82d"
time="2026-09-14T19:09:16.528104204Z" level=debug msg=event module=libcontainerd namespace=book1102 topic=/tasks/exit
time="2026-09-14T19:09:16.535409526Z" level=debug msg=event module=libcontainerd namespace=book1102 topic=/tasks/delete
time="2026-09-14T19:09:16.535431835Z" level=info msg="ignoring event" container=feffea5648b6b2a3e878d8844386b7e10090fbb03bb077753bdadb918c10f82d module=libcontainerd namespace=book1102 topic=/tasks/delete type="*events.TaskDelete"
time="2026-09-14T19:09:16.603747979Z" level=debug msg="Calling HEAD /_ping"
time="2026-09-14T19:09:16.604377901Z" level=debug msg="Calling POST /v1.43/containers/create?name=book1102-abb7f011d6-t0-clean_rebuild"
time="2026-09-14T19:09:16.604513962Z" level=debug msg="form data: {\"AttachStderr\":true,\"AttachStdin\":false,\"AttachStdout\":true,\"Cmd\":[\"python\",\"-u\",\"/tmp/book-worker.py\"],\"Domainname\":\"\",\"Entrypoint\":null,\"Env\":null,\"HostConfig\":{\"AutoRemove\":false,\"Binds\":null,\"BlkioDeviceReadBps\":[],\"BlkioDeviceReadIOps\":[],\"BlkioDeviceWriteBps\":[],\"BlkioDeviceWriteIOps\":[],\"BlkioWeight\":0,\"BlkioWeightDevice\":[],\"CapAdd\":null,\"CapDrop\":null,\"Cgroup\":\"\",\"CgroupParent\":\"\",\"CgroupnsMode\":\"\",\"ConsoleSize\":[0,0],\"ContainerIDFile\":\"\",\"CpuCount\":0,\"CpuPercent\":0,\"CpuPeriod\":0,\"CpuQuota\":0,\"CpuRealtimePeriod\":0,\"CpuRealtimeRuntime\":0,\"CpuShares\":0,\"CpusetCpus\":\"\",\"CpusetMems\":\"\",\"DeviceCgroupRules\":null,\"DeviceRequests\":null,\"Devices\":[],\"Dns\":[],\"DnsOptions\":[],\"DnsSearch\":[],\"ExtraHosts\":null,\"GroupAdd\":null,\"IOMaximumBandwidth\":0,\"IOMaximumIOps\":0,\"IpcMode\":\"\",\"Isolation\":\"\",\"Links\":null,\"LogConfig\":{\"Config\":{},\"Type\":\"\"},\"MaskedPaths\":null,\"Memory\":268435456,\"MemoryReservation\":0,\"MemorySwap\":268435456,\"MemorySwappiness\":-1,\"NanoCpus\":1000000000,\"NetworkMode\":\"host\",\"OomKillDisable\":false,\"OomScoreAdj\":0,\"PidMode\":\"\",\"PidsLimit\":0,\"PortBindings\":{},\"Privileged\":false,\"PublishAllPorts\":false,\"ReadonlyPaths\":null,\"ReadonlyRootfs\":false,\"RestartPolicy\":{\"MaximumRetryCount\":0,\"Name\":\"no\"},\"SecurityOpt\":null,\"ShmSize\":0,\"UTSMode\":\"\",\"Ulimits\":null,\"UsernsMode\":\"\",\"VolumeDriver\":\"\",\"VolumesFrom\":null},\"Hostname\":\"\",\"Image\":\"sha256:002792ac193538382f4aa5b2f696e5669c20e3c972e60d75e6df90d64d4e696e\",\"Labels\":{\"book.experiment\":\"book1102-abb7f011d6\"},\"NetworkingConfig\":{\"EndpointsConfig\":{}},\"OnBuild\":null,\"OpenStdin\":false,\"StdinOnce\":false,\"Tty\":false,\"User\":\"\",\"Volumes\":{},\"WorkingDir\":\"\"}"
time="2026-09-14T19:09:16.633463857Z" level=debug msg="container mounted via layerStore: /home/ubuntu/ai-infra-book-experiments/ch11/11-02/docker-lifecycle/isolated-daemon/full-worker/data/overlay2/32d0df8f57ce1dc365afe5aaadd14044ea4c1241b385fa6349ca1199d3b3fc14/merged" container=0af852a3596d2b624d21d38785f944243d3a4387a6056c4bed9e4da8f1b662ec
time="2026-09-14T19:09:16.655340342Z" level=debug msg="Calling HEAD /_ping"
time="2026-09-14T19:09:16.655559673Z" level=debug msg="Calling HEAD /v1.43/containers/0af852a3596d2b624d21d38785f944243d3a4387a6056c4bed9e4da8f1b662ec/archive?path=%2Ftmp%2Fbook-worker.py"
time="2026-09-14T19:09:16.656020851Z" level=debug msg="container mounted via layerStore: /home/ubuntu/ai-infra-book-experiments/ch11/11-02/docker-lifecycle/isolated-daemon/full-worker/data/overlay2/32d0df8f57ce1dc365afe5aaadd14044ea4c1241b385fa6349ca1199d3b3fc14/merged" container=0af852a3596d2b624d21d38785f944243d3a4387a6056c4bed9e4da8f1b662ec
time="2026-09-14T19:09:16.660759689Z" level=debug msg="Calling PUT /v1.43/containers/0af852a3596d2b624d21d38785f944243d3a4387a6056c4bed9e4da8f1b662ec/archive?noOverwriteDirNonDir=true&path=%2Ftmp"
time="2026-09-14T19:09:16.661185455Z" level=debug msg="container mounted via layerStore: /home/ubuntu/ai-infra-book-experiments/ch11/11-02/docker-lifecycle/isolated-daemon/full-worker/data/overlay2/32d0df8f57ce1dc365afe5aaadd14044ea4c1241b385fa6349ca1199d3b3fc14/merged" container=0af852a3596d2b624d21d38785f944243d3a4387a6056c4bed9e4da8f1b662ec
time="2026-09-14T19:09:16.677889616Z" level=debug msg="Calling HEAD /_ping"
time="2026-09-14T19:09:16.678163827Z" level=debug msg="Calling POST /v1.43/containers/0af852a3596d2b624d21d38785f944243d3a4387a6056c4bed9e4da8f1b662ec/start"
time="2026-09-14T19:09:16.678655605Z" level=debug msg="container mounted via layerStore: /home/ubuntu/ai-infra-book-experiments/ch11/11-02/docker-lifecycle/isolated-daemon/full-worker/data/overlay2/32d0df8f57ce1dc365afe5aaadd14044ea4c1241b385fa6349ca1199d3b3fc14/merged" container=0af852a3596d2b624d21d38785f944243d3a4387a6056c4bed9e4da8f1b662ec
time="2026-09-14T19:09:16.700660511Z" level=debug msg="EnableService 0af852a3596d2b624d21d38785f944243d3a4387a6056c4bed9e4da8f1b662ec START"
time="2026-09-14T19:09:16.700682226Z" level=debug msg="EnableService 0af852a3596d2b624d21d38785f944243d3a4387a6056c4bed9e4da8f1b662ec DONE"
time="2026-09-14T19:09:16.704157259Z" level=debug msg="createSpec: cgroupsPath: system.slice:docker:0af852a3596d2b624d21d38785f944243d3a4387a6056c4bed9e4da8f1b662ec"
time="2026-09-14T19:09:16.704500423Z" level=debug msg="bundle dir created" bundle=/run/book1102-worker/containerd/0af852a3596d2b624d21d38785f944243d3a4387a6056c4bed9e4da8f1b662ec module=libcontainerd namespace=book1102 root=/home/ubuntu/ai-infra-book-experiments/ch11/11-02/docker-lifecycle/isolated-daemon/full-worker/data/overlay2/32d0df8f57ce1dc365afe5aaadd14044ea4c1241b385fa6349ca1199d3b3fc14/merged
time="2026-09-14T19:09:16.773237509Z" level=debug msg=event module=libcontainerd namespace=book1102 topic=/tasks/create
time="2026-09-14T19:09:16.777883935Z" level=debug msg=event module=libcontainerd namespace=book1102 topic=/tasks/start
time="2026-09-14T19:09:16.794129801Z" level=debug msg="Calling HEAD /_ping"
time="2026-09-14T19:09:16.794380176Z" level=debug msg="Calling GET /v1.43/containers/0af852a3596d2b624d21d38785f944243d3a4387a6056c4bed9e4da8f1b662ec/json"
time="2026-09-14T19:09:16.803574157Z" level=debug msg="Calling HEAD /_ping"
time="2026-09-14T19:09:16.803800540Z" level=debug msg="Calling GET /v1.43/containers/0af852a3596d2b624d21d38785f944243d3a4387a6056c4bed9e4da8f1b662ec/json"
time="2026-09-14T19:09:16.804681746Z" level=debug msg="Calling POST /v1.43/containers/0af852a3596d2b624d21d38785f944243d3a4387a6056c4bed9e4da8f1b662ec/exec"
time="2026-09-14T19:09:16.804733983Z" level=debug msg="form data: {\"AttachStderr\":true,\"AttachStdin\":true,\"AttachStdout\":true,\"Cmd\":[\"python\",\"-u\",\"-c\",\"import socket,sys,time\\ns=socket.socket(socket.AF_UNIX)\\nfor i in range(100):\\n try:s.connect('/tmp/book-control.sock');break\\n except (FileNotFoundError,ConnectionRefusedError):time.sleep(.02)\\nprint('READY',flush=True)\\nfor line in sys.stdin.buffer:\\n s.sendall(line);data=b''\\n while not data.endswith(b'\\\\n'):\\n  chunk=s.recv(65536)\\n  if not chunk:raise RuntimeError('EOF')\\n  data+=chunk\\n sys.stdout.buffer.write(data);sys.stdout.buffer.flush()\\ns.close()\\n\"],\"Detach\":false,\"DetachKeys\":\"\",\"Env\":null,\"Privileged\":false,\"Tty\":false,\"User\":\"\",\"WorkingDir\":\"\"}"
time="2026-09-14T19:09:16.804927045Z" level=debug msg="Calling POST /v1.43/exec/3f21e6b4c62e1201e356aa6c58a426cec7e2ce9bf9c6394fe307593bbbbfb814/start"
time="2026-09-14T19:09:16.804957555Z" level=debug msg="form data: {\"Detach\":false,\"Tty\":false}"
time="2026-09-14T19:09:16.805006243Z" level=debug msg="starting exec command 3f21e6b4c62e1201e356aa6c58a426cec7e2ce9bf9c6394fe307593bbbbfb814 in container 0af852a3596d2b624d21d38785f944243d3a4387a6056c4bed9e4da8f1b662ec"
time="2026-09-14T19:09:16.805703524Z" level=debug msg="attach: stdout: begin"
time="2026-09-14T19:09:16.805706217Z" level=debug msg="attach: stderr: begin"
time="2026-09-14T19:09:16.805717551Z" level=debug msg="attach: stdin: begin"
time="2026-09-14T19:09:16.806485493Z" level=debug msg=event module=libcontainerd namespace=book1102 topic=/tasks/exec-added
time="2026-09-14T19:09:16.838753264Z" level=debug msg=event module=libcontainerd namespace=book1102 topic=/tasks/exec-started
time="2026-09-14T19:09:16.853291867Z" level=debug msg="Closing buffered stdin pipe"
time="2026-09-14T19:09:16.853325252Z" level=debug msg="attach: stdin: end"
time="2026-09-14T19:09:16.857421167Z" level=debug msg=event module=libcontainerd namespace=book1102 topic=/tasks/exit
time="2026-09-14T19:09:16.857501668Z" level=debug msg="attach: stdout: end"
time="2026-09-14T19:09:16.857514796Z" level=debug msg="attach: stderr: end"
time="2026-09-14T19:09:16.857541926Z" level=debug msg="attach done"
time="2026-09-14T19:09:16.857761167Z" level=debug msg="Calling GET /v1.43/exec/3f21e6b4c62e1201e356aa6c58a426cec7e2ce9bf9c6394fe307593bbbbfb814/json"
time="2026-09-14T19:09:16.868251390Z" level=debug msg="Calling HEAD /_ping"
time="2026-09-14T19:09:16.868531126Z" level=debug msg="Calling POST /v1.43/containers/0af852a3596d2b624d21d38785f944243d3a4387a6056c4bed9e4da8f1b662ec/stop?t=1"
time="2026-09-14T19:09:16.868560844Z" level=debug msg="Sending kill signal 15 to container 0af852a3596d2b624d21d38785f944243d3a4387a6056c4bed9e4da8f1b662ec"
time="2026-09-14T19:09:17.882311411Z" level=info msg="Container failed to exit within 1s of signal 15 - using the force" container=0af852a3596d2b624d21d38785f944243d3a4387a6056c4bed9e4da8f1b662ec
time="2026-09-14T19:09:17.882364134Z" level=debug msg="Sending kill signal 9 to container 0af852a3596d2b624d21d38785f944243d3a4387a6056c4bed9e4da8f1b662ec"
time="2026-09-14T19:09:17.916703699Z" level=debug msg=event module=libcontainerd namespace=book1102 topic=/tasks/exit
time="2026-09-14T19:09:17.923868076Z" level=debug msg=event module=libcontainerd namespace=book1102 topic=/tasks/delete
time="2026-09-14T19:09:17.923902161Z" level=info msg="ignoring event" container=0af852a3596d2b624d21d38785f944243d3a4387a6056c4bed9e4da8f1b662ec module=libcontainerd namespace=book1102 topic=/tasks/delete type="*events.TaskDelete"
time="2026-09-14T19:09:17.978878570Z" level=debug msg="Calling HEAD /_ping"
time="2026-09-14T19:09:17.979507819Z" level=debug msg="Calling POST /v1.43/containers/create?name=book1102-abb7f011d6-t0-clean_rebuild-new"
time="2026-09-14T19:09:17.979642539Z" level=debug msg="form data: {\"AttachStderr\":true,\"AttachStdin\":false,\"AttachStdout\":true,\"Cmd\":[\"python\",\"-u\",\"/tmp/book-worker.py\"],\"Domainname\":\"\",\"Entrypoint\":null,\"Env\":null,\"HostConfig\":{\"AutoRemove\":false,\"Binds\":null,\"BlkioDeviceReadBps\":[],\"BlkioDeviceReadIOps\":[],\"BlkioDeviceWriteBps\":[],\"BlkioDeviceWriteIOps\":[],\"BlkioWeight\":0,\"BlkioWeightDevice\":[],\"CapAdd\":null,\"CapDrop\":null,\"Cgroup\":\"\",\"CgroupParent\":\"\",\"CgroupnsMode\":\"\",\"ConsoleSize\":[0,0],\"ContainerIDFile\":\"\",\"CpuCount\":0,\"CpuPercent\":0,\"CpuPeriod\":0,\"CpuQuota\":0,\"CpuRealtimePeriod\":0,\"CpuRealtimeRuntime\":0,\"CpuShares\":0,\"CpusetCpus\":\"\",\"CpusetMems\":\"\",\"DeviceCgroupRules\":null,\"DeviceRequests\":null,\"Devices\":[],\"Dns\":[],\"DnsOptions\":[],\"DnsSearch\":[],\"ExtraHosts\":null,\"GroupAdd\":null,\"IOMaximumBandwidth\":0,\"IOMaximumIOps\":0,\"IpcMode\":\"\",\"Isolation\":\"\",\"Links\":null,\"LogConfig\":{\"Config\":{},\"Type\":\"\"},\"MaskedPaths\":null,\"Memory\":268435456,\"MemoryReservation\":0,\"MemorySwap\":268435456,\"MemorySwappiness\":-1,\"NanoCpus\":1000000000,\"NetworkMode\":\"host\",\"OomKillDisable\":false,\"OomScoreAdj\":0,\"PidMode\":\"\",\"PidsLimit\":0,\"PortBindings\":{},\"Privileged\":false,\"PublishAllPorts\":false,\"ReadonlyPaths\":null,\"ReadonlyRootfs\":false,\"RestartPolicy\":{\"MaximumRetryCount\":0,\"Name\":\"no\"},\"SecurityOpt\":null,\"ShmSize\":0,\"UTSMode\":\"\",\"Ulimits\":null,\"UsernsMode\":\"\",\"VolumeDriver\":\"\",\"VolumesFrom\":null},\"Hostname\":\"\",\"Image\":\"sha256:002792ac193538382f4aa5b2f696e5669c20e3c972e60d75e6df90d64d4e696e\",\"Labels\":{\"book.experiment\":\"book1102-abb7f011d6\"},\"NetworkingConfig\":{\"EndpointsConfig\":{}},\"OnBuild\":null,\"OpenStdin\":false,\"StdinOnce\":false,\"Tty\":false,\"User\":\"\",\"Volumes\":{},\"WorkingDir\":\"\"}"
time="2026-09-14T19:09:18.006189363Z" level=debug msg="container mounted via layerStore: /home/ubuntu/ai-infra-book-experiments/ch11/11-02/docker-lifecycle/isolated-daemon/full-worker/data/overlay2/5f47508487fb9965838925ffd7be1a5d251fa34dd3b939017374640d4148285f/merged" container=fbed06f3443f1d29a8196dd53b2d0781582d9ee83e9abfc16c20e0f07e31de4c
time="2026-09-14T19:09:18.028023003Z" level=debug msg="Calling HEAD /_ping"
time="2026-09-14T19:09:18.028314205Z" level=debug msg="Calling HEAD /v1.43/containers/fbed06f3443f1d29a8196dd53b2d0781582d9ee83e9abfc16c20e0f07e31de4c/archive?path=%2Ftmp%2Fbook-worker.py"
time="2026-09-14T19:09:18.028800092Z" level=debug msg="container mounted via layerStore: /home/ubuntu/ai-infra-book-experiments/ch11/11-02/docker-lifecycle/isolated-daemon/full-worker/data/overlay2/5f47508487fb9965838925ffd7be1a5d251fa34dd3b939017374640d4148285f/merged" container=fbed06f3443f1d29a8196dd53b2d0781582d9ee83e9abfc16c20e0f07e31de4c
time="2026-09-14T19:09:18.030552395Z" level=debug msg="Calling PUT /v1.43/containers/fbed06f3443f1d29a8196dd53b2d0781582d9ee83e9abfc16c20e0f07e31de4c/archive?noOverwriteDirNonDir=true&path=%2Ftmp"
time="2026-09-14T19:09:18.030886164Z" level=debug msg="container mounted via layerStore: /home/ubuntu/ai-infra-book-experiments/ch11/11-02/docker-lifecycle/isolated-daemon/full-worker/data/overlay2/5f47508487fb9965838925ffd7be1a5d251fa34dd3b939017374640d4148285f/merged" container=fbed06f3443f1d29a8196dd53b2d0781582d9ee83e9abfc16c20e0f07e31de4c
time="2026-09-14T19:09:18.047344038Z" level=debug msg="Calling HEAD /_ping"
time="2026-09-14T19:09:18.047618510Z" level=debug msg="Calling POST /v1.43/containers/fbed06f3443f1d29a8196dd53b2d0781582d9ee83e9abfc16c20e0f07e31de4c/start"
time="2026-09-14T19:09:18.048121049Z" level=debug msg="container mounted via layerStore: /home/ubuntu/ai-infra-book-experiments/ch11/11-02/docker-lifecycle/isolated-daemon/full-worker/data/overlay2/5f47508487fb9965838925ffd7be1a5d251fa34dd3b939017374640d4148285f/merged" container=fbed06f3443f1d29a8196dd53b2d0781582d9ee83e9abfc16c20e0f07e31de4c
time="2026-09-14T19:09:18.073491371Z" level=debug msg="EnableService fbed06f3443f1d29a8196dd53b2d0781582d9ee83e9abfc16c20e0f07e31de4c START"
time="2026-09-14T19:09:18.073514317Z" level=debug msg="EnableService fbed06f3443f1d29a8196dd53b2d0781582d9ee83e9abfc16c20e0f07e31de4c DONE"
time="2026-09-14T19:09:18.077121396Z" level=debug msg="createSpec: cgroupsPath: system.slice:docker:fbed06f3443f1d29a8196dd53b2d0781582d9ee83e9abfc16c20e0f07e31de4c"
time="2026-09-14T19:09:18.077446757Z" level=debug msg="bundle dir created" bundle=/run/book1102-worker/containerd/fbed06f3443f1d29a8196dd53b2d0781582d9ee83e9abfc16c20e0f07e31de4c module=libcontainerd namespace=book1102 root=/home/ubuntu/ai-infra-book-experiments/ch11/11-02/docker-lifecycle/isolated-daemon/full-worker/data/overlay2/5f47508487fb9965838925ffd7be1a5d251fa34dd3b939017374640d4148285f/merged
time="2026-09-14T19:09:18.135943898Z" level=debug msg=event module=libcontainerd namespace=book1102 topic=/tasks/create
time="2026-09-14T19:09:18.140996164Z" level=debug msg=event module=libcontainerd namespace=book1102 topic=/tasks/start
time="2026-09-14T19:09:18.159272919Z" level=debug msg="Calling HEAD /_ping"
time="2026-09-14T19:09:18.159504732Z" level=debug msg="Calling GET /v1.43/containers/fbed06f3443f1d29a8196dd53b2d0781582d9ee83e9abfc16c20e0f07e31de4c/json"
time="2026-09-14T19:09:18.169631428Z" level=debug msg="Calling HEAD /_ping"
time="2026-09-14T19:09:18.169877679Z" level=debug msg="Calling GET /v1.43/containers/fbed06f3443f1d29a8196dd53b2d0781582d9ee83e9abfc16c20e0f07e31de4c/json"
time="2026-09-14T19:09:18.170668825Z" level=debug msg="Calling POST /v1.43/containers/fbed06f3443f1d29a8196dd53b2d0781582d9ee83e9abfc16c20e0f07e31de4c/exec"
time="2026-09-14T19:09:18.170723685Z" level=debug msg="form data: {\"AttachStderr\":true,\"AttachStdin\":true,\"AttachStdout\":true,\"Cmd\":[\"python\",\"-u\",\"-c\",\"import socket,sys,time\\ns=socket.socket(socket.AF_UNIX)\\nfor i in range(100):\\n try:s.connect('/tmp/book-control.sock');break\\n except (FileNotFoundError,ConnectionRefusedError):time.sleep(.02)\\nprint('READY',flush=True)\\nfor line in sys.stdin.buffer:\\n s.sendall(line);data=b''\\n while not data.endswith(b'\\\\n'):\\n  chunk=s.recv(65536)\\n  if not chunk:raise RuntimeError('EOF')\\n  data+=chunk\\n sys.stdout.buffer.write(data);sys.stdout.buffer.flush()\\ns.close()\\n\"],\"Detach\":false,\"DetachKeys\":\"\",\"Env\":null,\"Privileged\":false,\"Tty\":false,\"User\":\"\",\"WorkingDir\":\"\"}"
time="2026-09-14T19:09:18.170923738Z" level=debug msg="Calling POST /v1.43/exec/c76405bdf778f5e5cd0fa7ff73f140e7f22307ca2d261900302ef857ea78036d/start"
time="2026-09-14T19:09:18.170954181Z" level=debug msg="form data: {\"Detach\":false,\"Tty\":false}"
time="2026-09-14T19:09:18.171003009Z" level=debug msg="starting exec command c76405bdf778f5e5cd0fa7ff73f140e7f22307ca2d261900302ef857ea78036d in container fbed06f3443f1d29a8196dd53b2d0781582d9ee83e9abfc16c20e0f07e31de4c"
time="2026-09-14T19:09:18.171711253Z" level=debug msg="attach: stdin: begin"
time="2026-09-14T19:09:18.171728780Z" level=debug msg="attach: stdout: begin"
time="2026-09-14T19:09:18.171728596Z" level=debug msg="attach: stderr: begin"
time="2026-09-14T19:09:18.172580815Z" level=debug msg=event module=libcontainerd namespace=book1102 topic=/tasks/exec-added
time="2026-09-14T19:09:18.205054713Z" level=debug msg=event module=libcontainerd namespace=book1102 topic=/tasks/exec-started
time="2026-09-14T19:09:18.231803470Z" level=debug msg="Closing buffered stdin pipe"
time="2026-09-14T19:09:18.231842814Z" level=debug msg="attach: stdin: end"
time="2026-09-14T19:09:18.235956952Z" level=debug msg=event module=libcontainerd namespace=book1102 topic=/tasks/exit
time="2026-09-14T19:09:18.236038748Z" level=debug msg="attach: stdout: end"
time="2026-09-14T19:09:18.236047801Z" level=debug msg="attach: stderr: end"
time="2026-09-14T19:09:18.236072810Z" level=debug msg="attach done"
time="2026-09-14T19:09:18.236290562Z" level=debug msg="Calling GET /v1.43/exec/c76405bdf778f5e5cd0fa7ff73f140e7f22307ca2d261900302ef857ea78036d/json"
time="2026-09-14T19:09:18.246532684Z" level=debug msg="Calling HEAD /_ping"
time="2026-09-14T19:09:18.246842831Z" level=debug msg="Calling DELETE /v1.43/containers/0af852a3596d2b624d21d38785f944243d3a4387a6056c4bed9e4da8f1b662ec?force=1"
time="2026-09-14T19:09:18.266374340Z" level=debug msg="Calling HEAD /_ping"
time="2026-09-14T19:09:18.266698179Z" level=debug msg="Calling DELETE /v1.43/containers/fbed06f3443f1d29a8196dd53b2d0781582d9ee83e9abfc16c20e0f07e31de4c?force=1"
time="2026-09-14T19:09:18.266717296Z" level=debug msg="Sending kill signal 9 to container fbed06f3443f1d29a8196dd53b2d0781582d9ee83e9abfc16c20e0f07e31de4c"
time="2026-09-14T19:09:18.280726776Z" level=debug msg=event module=libcontainerd namespace=book1102 topic=/tasks/exit
time="2026-09-14T19:09:18.287431385Z" level=debug msg=event module=libcontainerd namespace=book1102 topic=/tasks/delete
time="2026-09-14T19:09:18.287460664Z" level=info msg="ignoring event" container=fbed06f3443f1d29a8196dd53b2d0781582d9ee83e9abfc16c20e0f07e31de4c module=libcontainerd namespace=book1102 topic=/tasks/delete type="*events.TaskDelete"
time="2026-09-14T19:09:18.358615237Z" level=debug msg="Calling HEAD /_ping"
time="2026-09-14T19:09:18.359293910Z" level=debug msg="Calling POST /v1.43/containers/create?name=book1102-abb7f011d6-t1-pause"
time="2026-09-14T19:09:18.359429336Z" level=debug msg="form data: {\"AttachStderr\":true,\"AttachStdin\":false,\"AttachStdout\":true,\"Cmd\":[\"python\",\"-u\",\"/tmp/book-worker.py\"],\"Domainname\":\"\",\"Entrypoint\":null,\"Env\":null,\"HostConfig\":{\"AutoRemove\":false,\"Binds\":null,\"BlkioDeviceReadBps\":[],\"BlkioDeviceReadIOps\":[],\"BlkioDeviceWriteBps\":[],\"BlkioDeviceWriteIOps\":[],\"BlkioWeight\":0,\"BlkioWeightDevice\":[],\"CapAdd\":null,\"CapDrop\":null,\"Cgroup\":\"\",\"CgroupParent\":\"\",\"CgroupnsMode\":\"\",\"ConsoleSize\":[0,0],\"ContainerIDFile\":\"\",\"CpuCount\":0,\"CpuPercent\":0,\"CpuPeriod\":0,\"CpuQuota\":0,\"CpuRealtimePeriod\":0,\"CpuRealtimeRuntime\":0,\"CpuShares\":0,\"CpusetCpus\":\"\",\"CpusetMems\":\"\",\"DeviceCgroupRules\":null,\"DeviceRequests\":null,\"Devices\":[],\"Dns\":[],\"DnsOptions\":[],\"DnsSearch\":[],\"ExtraHosts\":null,\"GroupAdd\":null,\"IOMaximumBandwidth\":0,\"IOMaximumIOps\":0,\"IpcMode\":\"\",\"Isolation\":\"\",\"Links\":null,\"LogConfig\":{\"Config\":{},\"Type\":\"\"},\"MaskedPaths\":null,\"Memory\":268435456,\"MemoryReservation\":0,\"MemorySwap\":268435456,\"MemorySwappiness\":-1,\"NanoCpus\":1000000000,\"NetworkMode\":\"host\",\"OomKillDisable\":false,\"OomScoreAdj\":0,\"PidMode\":\"\",\"PidsLimit\":0,\"PortBindings\":{},\"Privileged\":false,\"PublishAllPorts\":false,\"ReadonlyPaths\":null,\"ReadonlyRootfs\":false,\"RestartPolicy\":{\"MaximumRetryCount\":0,\"Name\":\"no\"},\"SecurityOpt\":null,\"ShmSize\":0,\"UTSMode\":\"\",\"Ulimits\":null,\"UsernsMode\":\"\",\"VolumeDriver\":\"\",\"VolumesFrom\":null},\"Hostname\":\"\",\"Image\":\"sha256:002792ac193538382f4aa5b2f696e5669c20e3c972e60d75e6df90d64d4e696e\",\"Labels\":{\"book.experiment\":\"book1102-abb7f011d6\"},\"NetworkingConfig\":{\"EndpointsConfig\":{}},\"OnBuild\":null,\"OpenStdin\":false,\"StdinOnce\":false,\"Tty\":false,\"User\":\"\",\"Volumes\":{},\"WorkingDir\":\"\"}"
time="2026-09-14T19:09:18.388584257Z" level=debug msg="container mounted via layerStore: /home/ubuntu/ai-infra-book-experiments/ch11/11-02/docker-lifecycle/isolated-daemon/full-worker/data/overlay2/4a479a1c33e6631204c758f013e233c3d165f71cce759428d92ec09967234e83/merged" container=7ced1ab43600340a7572035ecc4534f9fdff56f045a6420e5cc90d704bb73509
time="2026-09-14T19:09:18.413858523Z" level=debug msg="Calling HEAD /_ping"
time="2026-09-14T19:09:18.414069318Z" level=debug msg="Calling HEAD /v1.43/containers/7ced1ab43600340a7572035ecc4534f9fdff56f045a6420e5cc90d704bb73509/archive?path=%2Ftmp%2Fbook-worker.py"
time="2026-09-14T19:09:18.414588441Z" level=debug msg="container mounted via layerStore: /home/ubuntu/ai-infra-book-experiments/ch11/11-02/docker-lifecycle/isolated-daemon/full-worker/data/overlay2/4a479a1c33e6631204c758f013e233c3d165f71cce759428d92ec09967234e83/merged" container=7ced1ab43600340a7572035ecc4534f9fdff56f045a6420e5cc90d704bb73509
time="2026-09-14T19:09:18.419618820Z" level=debug msg="Calling PUT /v1.43/containers/7ced1ab43600340a7572035ecc4534f9fdff56f045a6420e5cc90d704bb73509/archive?noOverwriteDirNonDir=true&path=%2Ftmp"
time="2026-09-14T19:09:18.420055849Z" level=debug msg="container mounted via layerStore: /home/ubuntu/ai-infra-book-experiments/ch11/11-02/docker-lifecycle/isolated-daemon/full-worker/data/overlay2/4a479a1c33e6631204c758f013e233c3d165f71cce759428d92ec09967234e83/merged" container=7ced1ab43600340a7572035ecc4534f9fdff56f045a6420e5cc90d704bb73509
time="2026-09-14T19:09:18.437317453Z" level=debug msg="Calling HEAD /_ping"
time="2026-09-14T19:09:18.437588848Z" level=debug msg="Calling POST /v1.43/containers/7ced1ab43600340a7572035ecc4534f9fdff56f045a6420e5cc90d704bb73509/start"
time="2026-09-14T19:09:18.438073849Z" level=debug msg="container mounted via layerStore: /home/ubuntu/ai-infra-book-experiments/ch11/11-02/docker-lifecycle/isolated-daemon/full-worker/data/overlay2/4a479a1c33e6631204c758f013e233c3d165f71cce759428d92ec09967234e83/merged" container=7ced1ab43600340a7572035ecc4534f9fdff56f045a6420e5cc90d704bb73509
time="2026-09-14T19:09:18.460668522Z" level=debug msg="EnableService 7ced1ab43600340a7572035ecc4534f9fdff56f045a6420e5cc90d704bb73509 START"
time="2026-09-14T19:09:18.460687422Z" level=debug msg="EnableService 7ced1ab43600340a7572035ecc4534f9fdff56f045a6420e5cc90d704bb73509 DONE"
time="2026-09-14T19:09:18.464096920Z" level=debug msg="createSpec: cgroupsPath: system.slice:docker:7ced1ab43600340a7572035ecc4534f9fdff56f045a6420e5cc90d704bb73509"
time="2026-09-14T19:09:18.464404444Z" level=debug msg="bundle dir created" bundle=/run/book1102-worker/containerd/7ced1ab43600340a7572035ecc4534f9fdff56f045a6420e5cc90d704bb73509 module=libcontainerd namespace=book1102 root=/home/ubuntu/ai-infra-book-experiments/ch11/11-02/docker-lifecycle/isolated-daemon/full-worker/data/overlay2/4a479a1c33e6631204c758f013e233c3d165f71cce759428d92ec09967234e83/merged
time="2026-09-14T19:09:18.532183286Z" level=debug msg=event module=libcontainerd namespace=book1102 topic=/tasks/create
time="2026-09-14T19:09:18.537260605Z" level=debug msg=event module=libcontainerd namespace=book1102 topic=/tasks/start
time="2026-09-14T19:09:18.554019140Z" level=debug msg="Calling HEAD /_ping"
time="2026-09-14T19:09:18.554243328Z" level=debug msg="Calling GET /v1.43/containers/7ced1ab43600340a7572035ecc4534f9fdff56f045a6420e5cc90d704bb73509/json"
time="2026-09-14T19:09:18.564624908Z" level=debug msg="Calling HEAD /_ping"
time="2026-09-14T19:09:18.564856377Z" level=debug msg="Calling GET /v1.43/containers/7ced1ab43600340a7572035ecc4534f9fdff56f045a6420e5cc90d704bb73509/json"
time="2026-09-14T19:09:18.565677473Z" level=debug msg="Calling POST /v1.43/containers/7ced1ab43600340a7572035ecc4534f9fdff56f045a6420e5cc90d704bb73509/exec"
time="2026-09-14T19:09:18.565735483Z" level=debug msg="form data: {\"AttachStderr\":true,\"AttachStdin\":true,\"AttachStdout\":true,\"Cmd\":[\"python\",\"-u\",\"-c\",\"import socket,sys,time\\ns=socket.socket(socket.AF_UNIX)\\nfor i in range(100):\\n try:s.connect('/tmp/book-control.sock');break\\n except (FileNotFoundError,ConnectionRefusedError):time.sleep(.02)\\nprint('READY',flush=True)\\nfor line in sys.stdin.buffer:\\n s.sendall(line);data=b''\\n while not data.endswith(b'\\\\n'):\\n  chunk=s.recv(65536)\\n  if not chunk:raise RuntimeError('EOF')\\n  data+=chunk\\n sys.stdout.buffer.write(data);sys.stdout.buffer.flush()\\ns.close()\\n\"],\"Detach\":false,\"DetachKeys\":\"\",\"Env\":null,\"Privileged\":false,\"Tty\":false,\"User\":\"\",\"WorkingDir\":\"\"}"
time="2026-09-14T19:09:18.565933496Z" level=debug msg="Calling POST /v1.43/exec/ec0bfcad31f76c6298fd044a8cecb91140046ca8309de7e60bd8da576acbee52/start"
time="2026-09-14T19:09:18.565961328Z" level=debug msg="form data: {\"Detach\":false,\"Tty\":false}"
time="2026-09-14T19:09:18.566008335Z" level=debug msg="starting exec command ec0bfcad31f76c6298fd044a8cecb91140046ca8309de7e60bd8da576acbee52 in container 7ced1ab43600340a7572035ecc4534f9fdff56f045a6420e5cc90d704bb73509"
time="2026-09-14T19:09:18.566715573Z" level=debug msg="attach: stdout: begin"
time="2026-09-14T19:09:18.566734607Z" level=debug msg="attach: stderr: begin"
time="2026-09-14T19:09:18.566720764Z" level=debug msg="attach: stdin: begin"
time="2026-09-14T19:09:18.567517843Z" level=debug msg=event module=libcontainerd namespace=book1102 topic=/tasks/exec-added
time="2026-09-14T19:09:18.607229817Z" level=debug msg=event module=libcontainerd namespace=book1102 topic=/tasks/exec-started
time="2026-09-14T19:09:18.628941759Z" level=debug msg="Calling HEAD /_ping"
time="2026-09-14T19:09:18.629232246Z" level=debug msg="Calling POST /v1.43/containers/7ced1ab43600340a7572035ecc4534f9fdff56f045a6420e5cc90d704bb73509/pause"
time="2026-09-14T19:09:18.634563697Z" level=debug msg=event module=libcontainerd namespace=book1102 topic=/tasks/paused
time="2026-09-14T19:09:18.651634688Z" level=debug msg="Calling HEAD /_ping"
time="2026-09-14T19:09:18.651838494Z" level=debug msg="Calling GET /v1.43/containers/7ced1ab43600340a7572035ecc4534f9fdff56f045a6420e5cc90d704bb73509/json"
time="2026-09-14T19:09:18.861840856Z" level=debug msg="Calling HEAD /_ping"
time="2026-09-14T19:09:18.862082239Z" level=debug msg="Calling POST /v1.43/containers/7ced1ab43600340a7572035ecc4534f9fdff56f045a6420e5cc90d704bb73509/unpause"
time="2026-09-14T19:09:18.867554259Z" level=debug msg=event module=libcontainerd namespace=book1102 topic=/tasks/resumed
time="2026-09-14T19:09:18.882300292Z" level=debug msg="Closing buffered stdin pipe"
time="2026-09-14T19:09:18.882349424Z" level=debug msg="attach: stdin: end"
time="2026-09-14T19:09:18.886718163Z" level=debug msg=event module=libcontainerd namespace=book1102 topic=/tasks/exit
time="2026-09-14T19:09:18.886781949Z" level=debug msg="attach: stdout: end"
time="2026-09-14T19:09:18.886795891Z" level=debug msg="attach: stderr: end"
time="2026-09-14T19:09:18.886822412Z" level=debug msg="attach done"
time="2026-09-14T19:09:18.887033699Z" level=debug msg="Calling GET /v1.43/exec/ec0bfcad31f76c6298fd044a8cecb91140046ca8309de7e60bd8da576acbee52/json"
time="2026-09-14T19:09:18.895810351Z" level=debug msg="Calling HEAD /_ping"
time="2026-09-14T19:09:18.896094911Z" level=debug msg="Calling DELETE /v1.43/containers/7ced1ab43600340a7572035ecc4534f9fdff56f045a6420e5cc90d704bb73509?force=1"
time="2026-09-14T19:09:18.896119721Z" level=debug msg="Sending kill signal 9 to container 7ced1ab43600340a7572035ecc4534f9fdff56f045a6420e5cc90d704bb73509"
time="2026-09-14T19:09:18.909989003Z" level=debug msg=event module=libcontainerd namespace=book1102 topic=/tasks/exit
time="2026-09-14T19:09:18.916788177Z" level=debug msg=event module=libcontainerd namespace=book1102 topic=/tasks/delete
time="2026-09-14T19:09:18.916808539Z" level=info msg="ignoring event" container=7ced1ab43600340a7572035ecc4534f9fdff56f045a6420e5cc90d704bb73509 module=libcontainerd namespace=book1102 topic=/tasks/delete type="*events.TaskDelete"
time="2026-09-14T19:09:18.981497186Z" level=debug msg="Calling HEAD /_ping"
time="2026-09-14T19:09:18.982180664Z" level=debug msg="Calling POST /v1.43/containers/create?name=book1102-abb7f011d6-t1-checkpoint"
time="2026-09-14T19:09:18.982334727Z" level=debug msg="form data: {\"AttachStderr\":true,\"AttachStdin\":false,\"AttachStdout\":true,\"Cmd\":[\"python\",\"-u\",\"/tmp/book-worker.py\"],\"Domainname\":\"\",\"Entrypoint\":null,\"Env\":null,\"HostConfig\":{\"AutoRemove\":false,\"Binds\":null,\"BlkioDeviceReadBps\":[],\"BlkioDeviceReadIOps\":[],\"BlkioDeviceWriteBps\":[],\"BlkioDeviceWriteIOps\":[],\"BlkioWeight\":0,\"BlkioWeightDevice\":[],\"CapAdd\":null,\"CapDrop\":null,\"Cgroup\":\"\",\"CgroupParent\":\"\",\"CgroupnsMode\":\"\",\"ConsoleSize\":[0,0],\"ContainerIDFile\":\"\",\"CpuCount\":0,\"CpuPercent\":0,\"CpuPeriod\":0,\"CpuQuota\":0,\"CpuRealtimePeriod\":0,\"CpuRealtimeRuntime\":0,\"CpuShares\":0,\"CpusetCpus\":\"\",\"CpusetMems\":\"\",\"DeviceCgroupRules\":null,\"DeviceRequests\":null,\"Devices\":[],\"Dns\":[],\"DnsOptions\":[],\"DnsSearch\":[],\"ExtraHosts\":null,\"GroupAdd\":null,\"IOMaximumBandwidth\":0,\"IOMaximumIOps\":0,\"IpcMode\":\"\",\"Isolation\":\"\",\"Links\":null,\"LogConfig\":{\"Config\":{},\"Type\":\"\"},\"MaskedPaths\":null,\"Memory\":268435456,\"MemoryReservation\":0,\"MemorySwap\":268435456,\"MemorySwappiness\":-1,\"NanoCpus\":1000000000,\"NetworkMode\":\"host\",\"OomKillDisable\":false,\"OomScoreAdj\":0,\"PidMode\":\"\",\"PidsLimit\":0,\"PortBindings\":{},\"Privileged\":false,\"PublishAllPorts\":false,\"ReadonlyPaths\":null,\"ReadonlyRootfs\":false,\"RestartPolicy\":{\"MaximumRetryCount\":0,\"Name\":\"no\"},\"SecurityOpt\":null,\"ShmSize\":0,\"UTSMode\":\"\",\"Ulimits\":null,\"UsernsMode\":\"\",\"VolumeDriver\":\"\",\"VolumesFrom\":null},\"Hostname\":\"\",\"Image\":\"sha256:002792ac193538382f4aa5b2f696e5669c20e3c972e60d75e6df90d64d4e696e\",\"Labels\":{\"book.experiment\":\"book1102-abb7f011d6\"},\"NetworkingConfig\":{\"EndpointsConfig\":{}},\"OnBuild\":null,\"OpenStdin\":false,\"StdinOnce\":false,\"Tty\":false,\"User\":\"\",\"Volumes\":{},\"WorkingDir\":\"\"}"
time="2026-09-14T19:09:19.006544541Z" level=debug msg="container mounted via layerStore: /home/ubuntu/ai-infra-book-experiments/ch11/11-02/docker-lifecycle/isolated-daemon/full-worker/data/overlay2/a8c92ec20bd5f649356229a5991953e19323fd0eadb4a8c2afa4d885a538a35b/merged" container=45d4bbe80053f59072fd302edbe8a03eb3143e476e1a39a69cb369c9cb672ba4
time="2026-09-14T19:09:19.031145596Z" level=debug msg="Calling HEAD /_ping"
time="2026-09-14T19:09:19.031384259Z" level=debug msg="Calling HEAD /v1.43/containers/45d4bbe80053f59072fd302edbe8a03eb3143e476e1a39a69cb369c9cb672ba4/archive?path=%2Ftmp%2Fbook-worker.py"
time="2026-09-14T19:09:19.031857125Z" level=debug msg="container mounted via layerStore: /home/ubuntu/ai-infra-book-experiments/ch11/11-02/docker-lifecycle/isolated-daemon/full-worker/data/overlay2/a8c92ec20bd5f649356229a5991953e19323fd0eadb4a8c2afa4d885a538a35b/merged" container=45d4bbe80053f59072fd302edbe8a03eb3143e476e1a39a69cb369c9cb672ba4
time="2026-09-14T19:09:19.036799790Z" level=debug msg="Calling PUT /v1.43/containers/45d4bbe80053f59072fd302edbe8a03eb3143e476e1a39a69cb369c9cb672ba4/archive?noOverwriteDirNonDir=true&path=%2Ftmp"
time="2026-09-14T19:09:19.037209160Z" level=debug msg="container mounted via layerStore: /home/ubuntu/ai-infra-book-experiments/ch11/11-02/docker-lifecycle/isolated-daemon/full-worker/data/overlay2/a8c92ec20bd5f649356229a5991953e19323fd0eadb4a8c2afa4d885a538a35b/merged" container=45d4bbe80053f59072fd302edbe8a03eb3143e476e1a39a69cb369c9cb672ba4
time="2026-09-14T19:09:19.055107791Z" level=debug msg="Calling HEAD /_ping"
time="2026-09-14T19:09:19.055380537Z" level=debug msg="Calling POST /v1.43/containers/45d4bbe80053f59072fd302edbe8a03eb3143e476e1a39a69cb369c9cb672ba4/start"
time="2026-09-14T19:09:19.055874110Z" level=debug msg="container mounted via layerStore: /home/ubuntu/ai-infra-book-experiments/ch11/11-02/docker-lifecycle/isolated-daemon/full-worker/data/overlay2/a8c92ec20bd5f649356229a5991953e19323fd0eadb4a8c2afa4d885a538a35b/merged" container=45d4bbe80053f59072fd302edbe8a03eb3143e476e1a39a69cb369c9cb672ba4
time="2026-09-14T19:09:19.078718621Z" level=debug msg="EnableService 45d4bbe80053f59072fd302edbe8a03eb3143e476e1a39a69cb369c9cb672ba4 START"
time="2026-09-14T19:09:19.078735799Z" level=debug msg="EnableService 45d4bbe80053f59072fd302edbe8a03eb3143e476e1a39a69cb369c9cb672ba4 DONE"
time="2026-09-14T19:09:19.082156710Z" level=debug msg="createSpec: cgroupsPath: system.slice:docker:45d4bbe80053f59072fd302edbe8a03eb3143e476e1a39a69cb369c9cb672ba4"
time="2026-09-14T19:09:19.082455897Z" level=debug msg="bundle dir created" bundle=/run/book1102-worker/containerd/45d4bbe80053f59072fd302edbe8a03eb3143e476e1a39a69cb369c9cb672ba4 module=libcontainerd namespace=book1102 root=/home/ubuntu/ai-infra-book-experiments/ch11/11-02/docker-lifecycle/isolated-daemon/full-worker/data/overlay2/a8c92ec20bd5f649356229a5991953e19323fd0eadb4a8c2afa4d885a538a35b/merged
time="2026-09-14T19:09:19.150541425Z" level=debug msg=event module=libcontainerd namespace=book1102 topic=/tasks/create
time="2026-09-14T19:09:19.155281577Z" level=debug msg=event module=libcontainerd namespace=book1102 topic=/tasks/start
time="2026-09-14T19:09:19.171659806Z" level=debug msg="Calling HEAD /_ping"
time="2026-09-14T19:09:19.171908156Z" level=debug msg="Calling GET /v1.43/containers/45d4bbe80053f59072fd302edbe8a03eb3143e476e1a39a69cb369c9cb672ba4/json"
time="2026-09-14T19:09:19.180626332Z" level=debug msg="Calling HEAD /_ping"
time="2026-09-14T19:09:19.180853157Z" level=debug msg="Calling GET /v1.43/containers/45d4bbe80053f59072fd302edbe8a03eb3143e476e1a39a69cb369c9cb672ba4/json"
time="2026-09-14T19:09:19.181689482Z" level=debug msg="Calling POST /v1.43/containers/45d4bbe80053f59072fd302edbe8a03eb3143e476e1a39a69cb369c9cb672ba4/exec"
time="2026-09-14T19:09:19.181744824Z" level=debug msg="form data: {\"AttachStderr\":true,\"AttachStdin\":true,\"AttachStdout\":true,\"Cmd\":[\"python\",\"-u\",\"-c\",\"import socket,sys,time\\ns=socket.socket(socket.AF_UNIX)\\nfor i in range(100):\\n try:s.connect('/tmp/book-control.sock');break\\n except (FileNotFoundError,ConnectionRefusedError):time.sleep(.02)\\nprint('READY',flush=True)\\nfor line in sys.stdin.buffer:\\n s.sendall(line);data=b''\\n while not data.endswith(b'\\\\n'):\\n  chunk=s.recv(65536)\\n  if not chunk:raise RuntimeError('EOF')\\n  data+=chunk\\n sys.stdout.buffer.write(data);sys.stdout.buffer.flush()\\ns.close()\\n\"],\"Detach\":false,\"DetachKeys\":\"\",\"Env\":null,\"Privileged\":false,\"Tty\":false,\"User\":\"\",\"WorkingDir\":\"\"}"
time="2026-09-14T19:09:19.181940426Z" level=debug msg="Calling POST /v1.43/exec/ab15370001d29b5854121d16f95b628f084a4736f16c78c2628587f9db8be1d7/start"
time="2026-09-14T19:09:19.181968745Z" level=debug msg="form data: {\"Detach\":false,\"Tty\":false}"
time="2026-09-14T19:09:19.182032771Z" level=debug msg="starting exec command ab15370001d29b5854121d16f95b628f084a4736f16c78c2628587f9db8be1d7 in container 45d4bbe80053f59072fd302edbe8a03eb3143e476e1a39a69cb369c9cb672ba4"
time="2026-09-14T19:09:19.182708126Z" level=debug msg="attach: stdin: begin"
time="2026-09-14T19:09:19.182720644Z" level=debug msg="attach: stdout: begin"
time="2026-09-14T19:09:19.182728221Z" level=debug msg="attach: stderr: begin"
time="2026-09-14T19:09:19.183453508Z" level=debug msg=event module=libcontainerd namespace=book1102 topic=/tasks/exec-added
time="2026-09-14T19:09:19.217402019Z" level=debug msg=event module=libcontainerd namespace=book1102 topic=/tasks/exec-started
time="2026-09-14T19:09:19.240365661Z" level=debug msg="Calling HEAD /_ping"
time="2026-09-14T19:09:19.240603400Z" level=debug msg="Calling POST /v1.43/containers/45d4bbe80053f59072fd302edbe8a03eb3143e476e1a39a69cb369c9cb672ba4/checkpoints"
time="2026-09-14T19:09:19.240648367Z" level=debug msg="form data: {\"CheckpointDir\":\"/home/ubuntu/ai-infra-book-experiments/ch11/11-02/docker-lifecycle/isolated-daemon/full-worker/results/t1-checkpoint/live\",\"CheckpointID\":\"snap\",\"Exit\":false}"
time="2026-09-14T19:09:19.251552150Z" level=debug msg=event module=libcontainerd namespace=book1102 topic=/tasks/paused
time="2026-09-14T19:09:19.318008235Z" level=debug msg=event module=libcontainerd namespace=book1102 topic=/tasks/resumed
time="2026-09-14T19:09:19.322809946Z" level=debug msg="FIXME: Got an API for which error does not match any expected type!!!: Cannot checkpoint container 45d4bbe80053f59072fd302edbe8a03eb3143e476e1a39a69cb369c9cb672ba4: runc did not terminate successfully: exit status 1: criu failed: type NOTIFY errno 0 path= /run/book1102-worker-ctd/io.containerd.runtime.v2.task/book1102/45d4bbe80053f59072fd302edbe8a03eb3143e476e1a39a69cb369c9cb672ba4/criu-dump.log: unknown" error_type="*errors.errorString" module=api
time="2026-09-14T19:09:19.322838028Z" level=error msg="Handler for POST /v1.43/containers/45d4bbe80053f59072fd302edbe8a03eb3143e476e1a39a69cb369c9cb672ba4/checkpoints returned error: Cannot checkpoint container 45d4bbe80053f59072fd302edbe8a03eb3143e476e1a39a69cb369c9cb672ba4: runc did not terminate successfully: exit status 1: criu failed: type NOTIFY errno 0 path= /run/book1102-worker-ctd/io.containerd.runtime.v2.task/book1102/45d4bbe80053f59072fd302edbe8a03eb3143e476e1a39a69cb369c9cb672ba4/criu-dump.log: unknown"
time="2026-09-14T19:09:19.322851363Z" level=debug msg="FIXME: Got an API for which error does not match any expected type!!!: Cannot checkpoint container 45d4bbe80053f59072fd302edbe8a03eb3143e476e1a39a69cb369c9cb672ba4: runc did not terminate successfully: exit status 1: criu failed: type NOTIFY errno 0 path= /run/book1102-worker-ctd/io.containerd.runtime.v2.task/book1102/45d4bbe80053f59072fd302edbe8a03eb3143e476e1a39a69cb369c9cb672ba4/criu-dump.log: unknown" error_type="*errors.errorString" module=api
time="2026-09-14T19:09:19.324988798Z" level=debug msg="Closing buffered stdin pipe"
time="2026-09-14T19:09:19.325022516Z" level=debug msg="attach: stdin: end"
time="2026-09-14T19:09:19.328785082Z" level=debug msg=event module=libcontainerd namespace=book1102 topic=/tasks/exit
time="2026-09-14T19:09:19.328851790Z" level=debug msg="attach: stdout: end"
time="2026-09-14T19:09:19.328856729Z" level=debug msg="attach: stderr: end"
time="2026-09-14T19:09:19.328873693Z" level=debug msg="attach done"
time="2026-09-14T19:09:19.329094251Z" level=debug msg="Calling GET /v1.43/exec/ab15370001d29b5854121d16f95b628f084a4736f16c78c2628587f9db8be1d7/json"
time="2026-09-14T19:09:19.541440166Z" level=debug msg="Calling HEAD /_ping"
time="2026-09-14T19:09:19.541809619Z" level=debug msg="Calling POST /v1.43/commit?author=&comment=&container=45d4bbe80053f59072fd302edbe8a03eb3143e476e1a39a69cb369c9cb672ba4&repo=book1102-abb7f011d6&tag=t1-checkpoint"
time="2026-09-14T19:09:19.541835154Z" level=debug msg="form data: null"
time="2026-09-14T19:09:19.547212655Z" level=debug msg=event module=libcontainerd namespace=book1102 topic=/tasks/paused
time="2026-09-14T19:09:19.559519454Z" level=debug msg="Tar with options on /home/ubuntu/ai-infra-book-experiments/ch11/11-02/docker-lifecycle/isolated-daemon/full-worker/data/overlay2/a8c92ec20bd5f649356229a5991953e19323fd0eadb4a8c2afa4d885a538a35b/diff" storage-driver=overlay2
time="2026-09-14T19:09:19.559756854Z" level=error msg="Can't add file /home/ubuntu/ai-infra-book-experiments/ch11/11-02/docker-lifecycle/isolated-daemon/full-worker/data/overlay2/a8c92ec20bd5f649356229a5991953e19323fd0eadb4a8c2afa4d885a538a35b/diff/tmp/book-control.sock to tar: archive/tar: sockets not supported"
time="2026-09-14T19:09:19.569429117Z" level=debug msg="Applying tar in /home/ubuntu/ai-infra-book-experiments/ch11/11-02/docker-lifecycle/isolated-daemon/full-worker/data/overlay2/7f226b8b1c36b3ac3cea50f6ab28f82847cf1f6c3ce0a3686b488862c3a7201a/diff" storage-driver=overlay2
time="2026-09-14T19:09:19.578783774Z" level=debug msg="Applied tar sha256:45716cc0db8eed0a27f85e9d5dff7600bf3766d0d0478552b771414c1c1fafd5 to 7f226b8b1c36b3ac3cea50f6ab28f82847cf1f6c3ce0a3686b488862c3a7201a, size: 866667"
time="2026-09-14T19:09:19.618849865Z" level=debug msg=event module=libcontainerd namespace=book1102 topic=/tasks/resumed
time="2026-09-14T19:09:19.635318470Z" level=debug msg="Calling HEAD /_ping"
time="2026-09-14T19:09:19.635578334Z" level=debug msg="Calling POST /v1.43/containers/45d4bbe80053f59072fd302edbe8a03eb3143e476e1a39a69cb369c9cb672ba4/checkpoints"
time="2026-09-14T19:09:19.635621257Z" level=debug msg="form data: {\"CheckpointDir\":\"/home/ubuntu/ai-infra-book-experiments/ch11/11-02/docker-lifecycle/isolated-daemon/full-worker/results/t1-checkpoint/disconnected\",\"CheckpointID\":\"snap\",\"Exit\":false}"
time="2026-09-14T19:09:19.646429609Z" level=debug msg=event module=libcontainerd namespace=book1102 topic=/tasks/paused
time="2026-09-14T19:09:19.890117568Z" level=debug msg=event module=libcontainerd namespace=book1102 topic=/tasks/resumed
time="2026-09-14T19:09:19.987221588Z" level=debug msg="Calling HEAD /_ping"
time="2026-09-14T19:09:19.987897911Z" level=debug msg="Calling POST /v1.43/containers/create?name=book1102-abb7f011d6-t1-checkpoint-clone0"
time="2026-09-14T19:09:19.988023724Z" level=debug msg="form data: {\"AttachStderr\":true,\"AttachStdin\":false,\"AttachStdout\":true,\"Cmd\":[\"python\",\"-u\",\"/tmp/book-worker.py\"],\"Domainname\":\"\",\"Entrypoint\":null,\"Env\":null,\"HostConfig\":{\"AutoRemove\":false,\"Binds\":null,\"BlkioDeviceReadBps\":[],\"BlkioDeviceReadIOps\":[],\"BlkioDeviceWriteBps\":[],\"BlkioDeviceWriteIOps\":[],\"BlkioWeight\":0,\"BlkioWeightDevice\":[],\"CapAdd\":null,\"CapDrop\":null,\"Cgroup\":\"\",\"CgroupParent\":\"\",\"CgroupnsMode\":\"\",\"ConsoleSize\":[0,0],\"ContainerIDFile\":\"\",\"CpuCount\":0,\"CpuPercent\":0,\"CpuPeriod\":0,\"CpuQuota\":0,\"CpuRealtimePeriod\":0,\"CpuRealtimeRuntime\":0,\"CpuShares\":0,\"CpusetCpus\":\"\",\"CpusetMems\":\"\",\"DeviceCgroupRules\":null,\"DeviceRequests\":null,\"Devices\":[],\"Dns\":[],\"DnsOptions\":[],\"DnsSearch\":[],\"ExtraHosts\":null,\"GroupAdd\":null,\"IOMaximumBandwidth\":0,\"IOMaximumIOps\":0,\"IpcMode\":\"\",\"Isolation\":\"\",\"Links\":null,\"LogConfig\":{\"Config\":{},\"Type\":\"\"},\"MaskedPaths\":null,\"Memory\":268435456,\"MemoryReservation\":0,\"MemorySwap\":268435456,\"MemorySwappiness\":-1,\"NanoCpus\":1000000000,\"NetworkMode\":\"host\",\"OomKillDisable\":false,\"OomScoreAdj\":0,\"PidMode\":\"\",\"PidsLimit\":0,\"PortBindings\":{},\"Privileged\":false,\"PublishAllPorts\":false,\"ReadonlyPaths\":null,\"ReadonlyRootfs\":false,\"RestartPolicy\":{\"MaximumRetryCount\":0,\"Name\":\"no\"},\"SecurityOpt\":null,\"ShmSize\":0,\"UTSMode\":\"\",\"Ulimits\":null,\"UsernsMode\":\"\",\"VolumeDriver\":\"\",\"VolumesFrom\":null},\"Hostname\":\"\",\"Image\":\"book1102-abb7f011d6:t1-checkpoint\",\"Labels\":{\"book.experiment\":\"book1102-abb7f011d6\"},\"NetworkingConfig\":{\"EndpointsConfig\":{}},\"OnBuild\":null,\"OpenStdin\":false,\"StdinOnce\":false,\"Tty\":false,\"User\":\"\",\"Volumes\":{},\"WorkingDir\":\"\"}"
time="2026-09-14T19:09:20.029759862Z" level=debug msg="container mounted via layerStore: /home/ubuntu/ai-infra-book-experiments/ch11/11-02/docker-lifecycle/isolated-daemon/full-worker/data/overlay2/38db87c449efd676bff627631352f0a1c8b4d0ab7317aa15592aa4f5e198c2d1/merged" container=9a68bebc8055543f413da33f1fbbc8eaf8dd9a124bd3ddac5c7377a6b2a401e8
time="2026-09-14T19:09:20.052095687Z" level=debug msg="Calling HEAD /_ping"
time="2026-09-14T19:09:20.052369181Z" level=debug msg="Calling HEAD /v1.43/containers/9a68bebc8055543f413da33f1fbbc8eaf8dd9a124bd3ddac5c7377a6b2a401e8/archive?path=%2Ftmp%2Fbook-worker.py"
time="2026-09-14T19:09:20.052862425Z" level=debug msg="container mounted via layerStore: /home/ubuntu/ai-infra-book-experiments/ch11/11-02/docker-lifecycle/isolated-daemon/full-worker/data/overlay2/38db87c449efd676bff627631352f0a1c8b4d0ab7317aa15592aa4f5e198c2d1/merged" container=9a68bebc8055543f413da33f1fbbc8eaf8dd9a124bd3ddac5c7377a6b2a401e8
time="2026-09-14T19:09:20.057947496Z" level=debug msg="Calling PUT /v1.43/containers/9a68bebc8055543f413da33f1fbbc8eaf8dd9a124bd3ddac5c7377a6b2a401e8/archive?noOverwriteDirNonDir=true&path=%2Ftmp"
time="2026-09-14T19:09:20.058358410Z" level=debug msg="container mounted via layerStore: /home/ubuntu/ai-infra-book-experiments/ch11/11-02/docker-lifecycle/isolated-daemon/full-worker/data/overlay2/38db87c449efd676bff627631352f0a1c8b4d0ab7317aa15592aa4f5e198c2d1/merged" container=9a68bebc8055543f413da33f1fbbc8eaf8dd9a124bd3ddac5c7377a6b2a401e8
time="2026-09-14T19:09:20.112521118Z" level=debug msg="Calling HEAD /_ping"
time="2026-09-14T19:09:20.112836264Z" level=debug msg="Calling POST /v1.43/containers/9a68bebc8055543f413da33f1fbbc8eaf8dd9a124bd3ddac5c7377a6b2a401e8/start?checkpoint=snap"
time="2026-09-14T19:09:20.113453732Z" level=debug msg="container mounted via layerStore: /home/ubuntu/ai-infra-book-experiments/ch11/11-02/docker-lifecycle/isolated-daemon/full-worker/data/overlay2/38db87c449efd676bff627631352f0a1c8b4d0ab7317aa15592aa4f5e198c2d1/merged" container=9a68bebc8055543f413da33f1fbbc8eaf8dd9a124bd3ddac5c7377a6b2a401e8
time="2026-09-14T19:09:20.136711551Z" level=debug msg="EnableService 9a68bebc8055543f413da33f1fbbc8eaf8dd9a124bd3ddac5c7377a6b2a401e8 START"
time="2026-09-14T19:09:20.136729220Z" level=debug msg="EnableService 9a68bebc8055543f413da33f1fbbc8eaf8dd9a124bd3ddac5c7377a6b2a401e8 DONE"
time="2026-09-14T19:09:20.140910138Z" level=debug msg="createSpec: cgroupsPath: system.slice:docker:9a68bebc8055543f413da33f1fbbc8eaf8dd9a124bd3ddac5c7377a6b2a401e8"
time="2026-09-14T19:09:20.141217349Z" level=debug msg="bundle dir created" bundle=/run/book1102-worker/containerd/9a68bebc8055543f413da33f1fbbc8eaf8dd9a124bd3ddac5c7377a6b2a401e8 module=libcontainerd namespace=book1102 root=/home/ubuntu/ai-infra-book-experiments/ch11/11-02/docker-lifecycle/isolated-daemon/full-worker/data/overlay2/38db87c449efd676bff627631352f0a1c8b4d0ab7317aa15592aa4f5e198c2d1/merged
time="2026-09-14T19:09:20.157757327Z" level=debug msg="Using single walk diff for /home/ubuntu/ai-infra-book-experiments/ch11/11-02/docker-lifecycle/isolated-daemon/full-worker/data/containers/9a68bebc8055543f413da33f1fbbc8eaf8dd9a124bd3ddac5c7377a6b2a401e8/checkpoints/snap"
time="2026-09-14T19:09:20.250564495Z" level=debug msg=event module=libcontainerd namespace=book1102 topic=/tasks/create
time="2026-09-14T19:09:20.308330382Z" level=debug msg=event module=libcontainerd namespace=book1102 topic=/tasks/start
time="2026-09-14T19:09:20.330187140Z" level=debug msg="Calling HEAD /_ping"
time="2026-09-14T19:09:20.330459524Z" level=debug msg="Calling GET /v1.43/containers/9a68bebc8055543f413da33f1fbbc8eaf8dd9a124bd3ddac5c7377a6b2a401e8/json"
time="2026-09-14T19:09:20.341188359Z" level=debug msg="Calling HEAD /_ping"
time="2026-09-14T19:09:20.341444817Z" level=debug msg="Calling GET /v1.43/containers/9a68bebc8055543f413da33f1fbbc8eaf8dd9a124bd3ddac5c7377a6b2a401e8/json"
time="2026-09-14T19:09:20.342370060Z" level=debug msg="Calling POST /v1.43/containers/9a68bebc8055543f413da33f1fbbc8eaf8dd9a124bd3ddac5c7377a6b2a401e8/exec"
time="2026-09-14T19:09:20.342433466Z" level=debug msg="form data: {\"AttachStderr\":true,\"AttachStdin\":true,\"AttachStdout\":true,\"Cmd\":[\"python\",\"-u\",\"-c\",\"import socket,sys,time\\ns=socket.socket(socket.AF_UNIX)\\nfor i in range(100):\\n try:s.connect('/tmp/book-control.sock');break\\n except (FileNotFoundError,ConnectionRefusedError):time.sleep(.02)\\nprint('READY',flush=True)\\nfor line in sys.stdin.buffer:\\n s.sendall(line);data=b''\\n while not data.endswith(b'\\\\n'):\\n  chunk=s.recv(65536)\\n  if not chunk:raise RuntimeError('EOF')\\n  data+=chunk\\n sys.stdout.buffer.write(data);sys.stdout.buffer.flush()\\ns.close()\\n\"],\"Detach\":false,\"DetachKeys\":\"\",\"Env\":null,\"Privileged\":false,\"Tty\":false,\"User\":\"\",\"WorkingDir\":\"\"}"
time="2026-09-14T19:09:20.342748262Z" level=debug msg="Calling POST /v1.43/exec/3757b02a654ddbeafa814f3326494fa872f18a7579ce6484f43ed62cc4f9f3a3/start"
time="2026-09-14T19:09:20.342770726Z" level=debug msg="form data: {\"Detach\":false,\"Tty\":false}"
time="2026-09-14T19:09:20.342819284Z" level=debug msg="starting exec command 3757b02a654ddbeafa814f3326494fa872f18a7579ce6484f43ed62cc4f9f3a3 in container 9a68bebc8055543f413da33f1fbbc8eaf8dd9a124bd3ddac5c7377a6b2a401e8"
time="2026-09-14T19:09:20.343508450Z" level=debug msg="attach: stdin: begin"
time="2026-09-14T19:09:20.343533488Z" level=debug msg="attach: stderr: begin"
time="2026-09-14T19:09:20.343520133Z" level=debug msg="attach: stdout: begin"
time="2026-09-14T19:09:20.344342174Z" level=debug msg=event module=libcontainerd namespace=book1102 topic=/tasks/exec-added
time="2026-09-14T19:09:20.376246234Z" level=debug msg=event module=libcontainerd namespace=book1102 topic=/tasks/exec-started
time="2026-09-14T19:09:20.388750525Z" level=debug msg="Closing buffered stdin pipe"
time="2026-09-14T19:09:20.388786995Z" level=debug msg="attach: stdin: end"
time="2026-09-14T19:09:20.392649740Z" level=debug msg=event module=libcontainerd namespace=book1102 topic=/tasks/exit
time="2026-09-14T19:09:20.392730082Z" level=debug msg="attach: stdout: end"
time="2026-09-14T19:09:20.392761608Z" level=debug msg="attach: stderr: end"
time="2026-09-14T19:09:20.392822684Z" level=debug msg="attach done"
time="2026-09-14T19:09:20.393033202Z" level=debug msg="Calling GET /v1.43/exec/3757b02a654ddbeafa814f3326494fa872f18a7579ce6484f43ed62cc4f9f3a3/json"
time="2026-09-14T19:09:20.451630051Z" level=debug msg="Calling HEAD /_ping"
time="2026-09-14T19:09:20.452218527Z" level=debug msg="Calling POST /v1.43/containers/create?name=book1102-abb7f011d6-t1-checkpoint-clone1"
time="2026-09-14T19:09:20.452369669Z" level=debug msg="form data: {\"AttachStderr\":true,\"AttachStdin\":false,\"AttachStdout\":true,\"Cmd\":[\"python\",\"-u\",\"/tmp/book-worker.py\"],\"Domainname\":\"\",\"Entrypoint\":null,\"Env\":null,\"HostConfig\":{\"AutoRemove\":false,\"Binds\":null,\"BlkioDeviceReadBps\":[],\"BlkioDeviceReadIOps\":[],\"BlkioDeviceWriteBps\":[],\"BlkioDeviceWriteIOps\":[],\"BlkioWeight\":0,\"BlkioWeightDevice\":[],\"CapAdd\":null,\"CapDrop\":null,\"Cgroup\":\"\",\"CgroupParent\":\"\",\"CgroupnsMode\":\"\",\"ConsoleSize\":[0,0],\"ContainerIDFile\":\"\",\"CpuCount\":0,\"CpuPercent\":0,\"CpuPeriod\":0,\"CpuQuota\":0,\"CpuRealtimePeriod\":0,\"CpuRealtimeRuntime\":0,\"CpuShares\":0,\"CpusetCpus\":\"\",\"CpusetMems\":\"\",\"DeviceCgroupRules\":null,\"DeviceRequests\":null,\"Devices\":[],\"Dns\":[],\"DnsOptions\":[],\"DnsSearch\":[],\"ExtraHosts\":null,\"GroupAdd\":null,\"IOMaximumBandwidth\":0,\"IOMaximumIOps\":0,\"IpcMode\":\"\",\"Isolation\":\"\",\"Links\":null,\"LogConfig\":{\"Config\":{},\"Type\":\"\"},\"MaskedPaths\":null,\"Memory\":268435456,\"MemoryReservation\":0,\"MemorySwap\":268435456,\"MemorySwappiness\":-1,\"NanoCpus\":1000000000,\"NetworkMode\":\"host\",\"OomKillDisable\":false,\"OomScoreAdj\":0,\"PidMode\":\"\",\"PidsLimit\":0,\"PortBindings\":{},\"Privileged\":false,\"PublishAllPorts\":false,\"ReadonlyPaths\":null,\"ReadonlyRootfs\":false,\"RestartPolicy\":{\"MaximumRetryCount\":0,\"Name\":\"no\"},\"SecurityOpt\":null,\"ShmSize\":0,\"UTSMode\":\"\",\"Ulimits\":null,\"UsernsMode\":\"\",\"VolumeDriver\":\"\",\"VolumesFrom\":null},\"Hostname\":\"\",\"Image\":\"book1102-abb7f011d6:t1-checkpoint\",\"Labels\":{\"book.experiment\":\"book1102-abb7f011d6\"},\"NetworkingConfig\":{\"EndpointsConfig\":{}},\"OnBuild\":null,\"OpenStdin\":false,\"StdinOnce\":false,\"Tty\":false,\"User\":\"\",\"Volumes\":{},\"WorkingDir\":\"\"}"
time="2026-09-14T19:09:20.507621620Z" level=debug msg="container mounted via layerStore: /home/ubuntu/ai-infra-book-experiments/ch11/11-02/docker-lifecycle/isolated-daemon/full-worker/data/overlay2/c7fd9d7963f5671791bca820e9028a157b20e5f6b15cc850cad3a842853837b3/merged" container=edc87014939f70eb05def530948e491f3a50728f3f17168e0fe6fc92a06475ac
time="2026-09-14T19:09:20.530834931Z" level=debug msg="Calling HEAD /_ping"
time="2026-09-14T19:09:20.531095325Z" level=debug msg="Calling HEAD /v1.43/containers/edc87014939f70eb05def530948e491f3a50728f3f17168e0fe6fc92a06475ac/archive?path=%2Ftmp%2Fbook-worker.py"
time="2026-09-14T19:09:20.531583490Z" level=debug msg="container mounted via layerStore: /home/ubuntu/ai-infra-book-experiments/ch11/11-02/docker-lifecycle/isolated-daemon/full-worker/data/overlay2/c7fd9d7963f5671791bca820e9028a157b20e5f6b15cc850cad3a842853837b3/merged" container=edc87014939f70eb05def530948e491f3a50728f3f17168e0fe6fc92a06475ac
time="2026-09-14T19:09:20.536491123Z" level=debug msg="Calling PUT /v1.43/containers/edc87014939f70eb05def530948e491f3a50728f3f17168e0fe6fc92a06475ac/archive?noOverwriteDirNonDir=true&path=%2Ftmp"
time="2026-09-14T19:09:20.536906332Z" level=debug msg="container mounted via layerStore: /home/ubuntu/ai-infra-book-experiments/ch11/11-02/docker-lifecycle/isolated-daemon/full-worker/data/overlay2/c7fd9d7963f5671791bca820e9028a157b20e5f6b15cc850cad3a842853837b3/merged" container=edc87014939f70eb05def530948e491f3a50728f3f17168e0fe6fc92a06475ac
time="2026-09-14T19:09:20.587304044Z" level=debug msg="Calling HEAD /_ping"
time="2026-09-14T19:09:20.587623561Z" level=debug msg="Calling POST /v1.43/containers/edc87014939f70eb05def530948e491f3a50728f3f17168e0fe6fc92a06475ac/start?checkpoint=snap"
time="2026-09-14T19:09:20.588231783Z" level=debug msg="container mounted via layerStore: /home/ubuntu/ai-infra-book-experiments/ch11/11-02/docker-lifecycle/isolated-daemon/full-worker/data/overlay2/c7fd9d7963f5671791bca820e9028a157b20e5f6b15cc850cad3a842853837b3/merged" container=edc87014939f70eb05def530948e491f3a50728f3f17168e0fe6fc92a06475ac
time="2026-09-14T19:09:20.620247429Z" level=debug msg="EnableService edc87014939f70eb05def530948e491f3a50728f3f17168e0fe6fc92a06475ac START"
time="2026-09-14T19:09:20.620271643Z" level=debug msg="EnableService edc87014939f70eb05def530948e491f3a50728f3f17168e0fe6fc92a06475ac DONE"
time="2026-09-14T19:09:20.633857273Z" level=debug msg="createSpec: cgroupsPath: system.slice:docker:edc87014939f70eb05def530948e491f3a50728f3f17168e0fe6fc92a06475ac"
time="2026-09-14T19:09:20.634210813Z" level=debug msg="bundle dir created" bundle=/run/book1102-worker/containerd/edc87014939f70eb05def530948e491f3a50728f3f17168e0fe6fc92a06475ac module=libcontainerd namespace=book1102 root=/home/ubuntu/ai-infra-book-experiments/ch11/11-02/docker-lifecycle/isolated-daemon/full-worker/data/overlay2/c7fd9d7963f5671791bca820e9028a157b20e5f6b15cc850cad3a842853837b3/merged
time="2026-09-14T19:09:20.651894020Z" level=debug msg="Using single walk diff for /home/ubuntu/ai-infra-book-experiments/ch11/11-02/docker-lifecycle/isolated-daemon/full-worker/data/containers/edc87014939f70eb05def530948e491f3a50728f3f17168e0fe6fc92a06475ac/checkpoints/snap"
time="2026-09-14T19:09:20.743328906Z" level=debug msg=event module=libcontainerd namespace=book1102 topic=/tasks/create
time="2026-09-14T19:09:20.797105573Z" level=debug msg=event module=libcontainerd namespace=book1102 topic=/tasks/start
time="2026-09-14T19:09:20.820034442Z" level=debug msg="Calling HEAD /_ping"
time="2026-09-14T19:09:20.820325165Z" level=debug msg="Calling GET /v1.43/containers/edc87014939f70eb05def530948e491f3a50728f3f17168e0fe6fc92a06475ac/json"
time="2026-09-14T19:09:20.830394468Z" level=debug msg="Calling HEAD /_ping"
time="2026-09-14T19:09:20.830632519Z" level=debug msg="Calling GET /v1.43/containers/edc87014939f70eb05def530948e491f3a50728f3f17168e0fe6fc92a06475ac/json"
time="2026-09-14T19:09:20.831514164Z" level=debug msg="Calling POST /v1.43/containers/edc87014939f70eb05def530948e491f3a50728f3f17168e0fe6fc92a06475ac/exec"
time="2026-09-14T19:09:20.831592155Z" level=debug msg="form data: {\"AttachStderr\":true,\"AttachStdin\":true,\"AttachStdout\":true,\"Cmd\":[\"python\",\"-u\",\"-c\",\"import socket,sys,time\\ns=socket.socket(socket.AF_UNIX)\\nfor i in range(100):\\n try:s.connect('/tmp/book-control.sock');break\\n except (FileNotFoundError,ConnectionRefusedError):time.sleep(.02)\\nprint('READY',flush=True)\\nfor line in sys.stdin.buffer:\\n s.sendall(line);data=b''\\n while not data.endswith(b'\\\\n'):\\n  chunk=s.recv(65536)\\n  if not chunk:raise RuntimeError('EOF')\\n  data+=chunk\\n sys.stdout.buffer.write(data);sys.stdout.buffer.flush()\\ns.close()\\n\"],\"Detach\":false,\"DetachKeys\":\"\",\"Env\":null,\"Privileged\":false,\"Tty\":false,\"User\":\"\",\"WorkingDir\":\"\"}"
time="2026-09-14T19:09:20.831805189Z" level=debug msg="Calling POST /v1.43/exec/d4c4dad77c87c447ebd6df5196df5e3d31233a6b4d76d55f120531a796b17d47/start"
time="2026-09-14T19:09:20.831831853Z" level=debug msg="form data: {\"Detach\":false,\"Tty\":false}"
time="2026-09-14T19:09:20.831877188Z" level=debug msg="starting exec command d4c4dad77c87c447ebd6df5196df5e3d31233a6b4d76d55f120531a796b17d47 in container edc87014939f70eb05def530948e491f3a50728f3f17168e0fe6fc92a06475ac"
time="2026-09-14T19:09:20.832620459Z" level=debug msg="attach: stdin: begin"
time="2026-09-14T19:09:20.832622863Z" level=debug msg="attach: stdout: begin"
time="2026-09-14T19:09:20.832637236Z" level=debug msg="attach: stderr: begin"
time="2026-09-14T19:09:20.833364836Z" level=debug msg=event module=libcontainerd namespace=book1102 topic=/tasks/exec-added
time="2026-09-14T19:09:20.870786674Z" level=debug msg=event module=libcontainerd namespace=book1102 topic=/tasks/exec-started
time="2026-09-14T19:09:20.885301274Z" level=debug msg="Closing buffered stdin pipe"
time="2026-09-14T19:09:20.885346593Z" level=debug msg="attach: stdin: end"
time="2026-09-14T19:09:20.889296132Z" level=debug msg=event module=libcontainerd namespace=book1102 topic=/tasks/exit
time="2026-09-14T19:09:20.889382348Z" level=debug msg="attach: stdout: end"
time="2026-09-14T19:09:20.889403894Z" level=debug msg="attach: stderr: end"
time="2026-09-14T19:09:20.889415092Z" level=debug msg="attach done"
time="2026-09-14T19:09:20.889679322Z" level=debug msg="Calling GET /v1.43/exec/d4c4dad77c87c447ebd6df5196df5e3d31233a6b4d76d55f120531a796b17d47/json"
time="2026-09-14T19:09:20.952807482Z" level=debug msg="Calling HEAD /_ping"
time="2026-09-14T19:09:20.953058874Z" level=debug msg="Calling GET /v1.43/containers/9a68bebc8055543f413da33f1fbbc8eaf8dd9a124bd3ddac5c7377a6b2a401e8/json"
time="2026-09-14T19:09:20.963374000Z" level=debug msg="Calling HEAD /_ping"
time="2026-09-14T19:09:20.963633803Z" level=debug msg="Calling GET /v1.43/containers/9a68bebc8055543f413da33f1fbbc8eaf8dd9a124bd3ddac5c7377a6b2a401e8/json"
time="2026-09-14T19:09:20.964593979Z" level=debug msg="Calling POST /v1.43/containers/9a68bebc8055543f413da33f1fbbc8eaf8dd9a124bd3ddac5c7377a6b2a401e8/exec"
time="2026-09-14T19:09:20.964653895Z" level=debug msg="form data: {\"AttachStderr\":true,\"AttachStdin\":true,\"AttachStdout\":true,\"Cmd\":[\"python\",\"-u\",\"-c\",\"import socket,sys,time\\ns=socket.socket(socket.AF_UNIX)\\nfor i in range(100):\\n try:s.connect('/tmp/book-control.sock');break\\n except (FileNotFoundError,ConnectionRefusedError):time.sleep(.02)\\nprint('READY',flush=True)\\nfor line in sys.stdin.buffer:\\n s.sendall(line);data=b''\\n while not data.endswith(b'\\\\n'):\\n  chunk=s.recv(65536)\\n  if not chunk:raise RuntimeError('EOF')\\n  data+=chunk\\n sys.stdout.buffer.write(data);sys.stdout.buffer.flush()\\ns.close()\\n\"],\"Detach\":false,\"DetachKeys\":\"\",\"Env\":null,\"Privileged\":false,\"Tty\":false,\"User\":\"\",\"WorkingDir\":\"\"}"
time="2026-09-14T19:09:20.964881185Z" level=debug msg="Calling POST /v1.43/exec/d8a54868ee2c33376410a2aa225d05901c4cd1f787b9cbbfc54c9771d311b695/start"
time="2026-09-14T19:09:20.964906979Z" level=debug msg="form data: {\"Detach\":false,\"Tty\":false}"
time="2026-09-14T19:09:20.964955312Z" level=debug msg="starting exec command d8a54868ee2c33376410a2aa225d05901c4cd1f787b9cbbfc54c9771d311b695 in container 9a68bebc8055543f413da33f1fbbc8eaf8dd9a124bd3ddac5c7377a6b2a401e8"
time="2026-09-14T19:09:20.965693330Z" level=debug msg="attach: stdin: begin"
time="2026-09-14T19:09:20.965706424Z" level=debug msg="attach: stdout: begin"
time="2026-09-14T19:09:20.965712666Z" level=debug msg="attach: stderr: begin"
time="2026-09-14T19:09:20.966625262Z" level=debug msg=event module=libcontainerd namespace=book1102 topic=/tasks/exec-added
time="2026-09-14T19:09:21.000246938Z" level=debug msg=event module=libcontainerd namespace=book1102 topic=/tasks/exec-started
time="2026-09-14T19:09:21.013860328Z" level=debug msg="Closing buffered stdin pipe"
time="2026-09-14T19:09:21.013900526Z" level=debug msg="attach: stdin: end"
time="2026-09-14T19:09:21.017633658Z" level=debug msg=event module=libcontainerd namespace=book1102 topic=/tasks/exit
time="2026-09-14T19:09:21.017720222Z" level=debug msg="attach: stdout: end"
time="2026-09-14T19:09:21.017723251Z" level=debug msg="attach: stderr: end"
time="2026-09-14T19:09:21.017752708Z" level=debug msg="attach done"
time="2026-09-14T19:09:21.017991956Z" level=debug msg="Calling GET /v1.43/exec/d8a54868ee2c33376410a2aa225d05901c4cd1f787b9cbbfc54c9771d311b695/json"
time="2026-09-14T19:09:21.030007766Z" level=debug msg="Calling HEAD /_ping"
time="2026-09-14T19:09:21.030223265Z" level=debug msg="Calling GET /v1.43/containers/edc87014939f70eb05def530948e491f3a50728f3f17168e0fe6fc92a06475ac/json"
time="2026-09-14T19:09:21.040905080Z" level=debug msg="Calling HEAD /_ping"
time="2026-09-14T19:09:21.041166083Z" level=debug msg="Calling GET /v1.43/containers/edc87014939f70eb05def530948e491f3a50728f3f17168e0fe6fc92a06475ac/json"
time="2026-09-14T19:09:21.042013914Z" level=debug msg="Calling POST /v1.43/containers/edc87014939f70eb05def530948e491f3a50728f3f17168e0fe6fc92a06475ac/exec"
time="2026-09-14T19:09:21.042075315Z" level=debug msg="form data: {\"AttachStderr\":true,\"AttachStdin\":true,\"AttachStdout\":true,\"Cmd\":[\"python\",\"-u\",\"-c\",\"import socket,sys,time\\ns=socket.socket(socket.AF_UNIX)\\nfor i in range(100):\\n try:s.connect('/tmp/book-control.sock');break\\n except (FileNotFoundError,ConnectionRefusedError):time.sleep(.02)\\nprint('READY',flush=True)\\nfor line in sys.stdin.buffer:\\n s.sendall(line);data=b''\\n while not data.endswith(b'\\\\n'):\\n  chunk=s.recv(65536)\\n  if not chunk:raise RuntimeError('EOF')\\n  data+=chunk\\n sys.stdout.buffer.write(data);sys.stdout.buffer.flush()\\ns.close()\\n\"],\"Detach\":false,\"DetachKeys\":\"\",\"Env\":null,\"Privileged\":false,\"Tty\":false,\"User\":\"\",\"WorkingDir\":\"\"}"
time="2026-09-14T19:09:21.042302935Z" level=debug msg="Calling POST /v1.43/exec/2de28918e8cfd21d7dd249166994f8a3c0f42170f7018fed0750fdb9dbc72f8d/start"
time="2026-09-14T19:09:21.042334075Z" level=debug msg="form data: {\"Detach\":false,\"Tty\":false}"
time="2026-09-14T19:09:21.042382330Z" level=debug msg="starting exec command 2de28918e8cfd21d7dd249166994f8a3c0f42170f7018fed0750fdb9dbc72f8d in container edc87014939f70eb05def530948e491f3a50728f3f17168e0fe6fc92a06475ac"
time="2026-09-14T19:09:21.043116374Z" level=debug msg="attach: stdin: begin"
time="2026-09-14T19:09:21.043131166Z" level=debug msg="attach: stdout: begin"
time="2026-09-14T19:09:21.043145464Z" level=debug msg="attach: stderr: begin"
time="2026-09-14T19:09:21.043963167Z" level=debug msg=event module=libcontainerd namespace=book1102 topic=/tasks/exec-added
time="2026-09-14T19:09:21.074346663Z" level=debug msg=event module=libcontainerd namespace=book1102 topic=/tasks/exec-started
time="2026-09-14T19:09:21.088106512Z" level=debug msg="Closing buffered stdin pipe"
time="2026-09-14T19:09:21.088144618Z" level=debug msg="attach: stdin: end"
time="2026-09-14T19:09:21.091721096Z" level=debug msg=event module=libcontainerd namespace=book1102 topic=/tasks/exit
time="2026-09-14T19:09:21.091800217Z" level=debug msg="attach: stderr: end"
time="2026-09-14T19:09:21.091801954Z" level=debug msg="attach: stdout: end"
time="2026-09-14T19:09:21.091836317Z" level=debug msg="attach done"
time="2026-09-14T19:09:21.092038151Z" level=debug msg="Calling GET /v1.43/exec/2de28918e8cfd21d7dd249166994f8a3c0f42170f7018fed0750fdb9dbc72f8d/json"
time="2026-09-14T19:09:21.103622296Z" level=debug msg="Calling HEAD /_ping"
time="2026-09-14T19:09:21.103860069Z" level=debug msg="Calling GET /v1.43/containers/45d4bbe80053f59072fd302edbe8a03eb3143e476e1a39a69cb369c9cb672ba4/json"
time="2026-09-14T19:09:21.114314868Z" level=debug msg="Calling HEAD /_ping"
time="2026-09-14T19:09:21.114572444Z" level=debug msg="Calling GET /v1.43/containers/45d4bbe80053f59072fd302edbe8a03eb3143e476e1a39a69cb369c9cb672ba4/json"
time="2026-09-14T19:09:21.115451638Z" level=debug msg="Calling POST /v1.43/containers/45d4bbe80053f59072fd302edbe8a03eb3143e476e1a39a69cb369c9cb672ba4/exec"
time="2026-09-14T19:09:21.115506557Z" level=debug msg="form data: {\"AttachStderr\":true,\"AttachStdin\":true,\"AttachStdout\":true,\"Cmd\":[\"python\",\"-u\",\"-c\",\"import socket,sys,time\\ns=socket.socket(socket.AF_UNIX)\\nfor i in range(100):\\n try:s.connect('/tmp/book-control.sock');break\\n except (FileNotFoundError,ConnectionRefusedError):time.sleep(.02)\\nprint('READY',flush=True)\\nfor line in sys.stdin.buffer:\\n s.sendall(line);data=b''\\n while not data.endswith(b'\\\\n'):\\n  chunk=s.recv(65536)\\n  if not chunk:raise RuntimeError('EOF')\\n  data+=chunk\\n sys.stdout.buffer.write(data);sys.stdout.buffer.flush()\\ns.close()\\n\"],\"Detach\":false,\"DetachKeys\":\"\",\"Env\":null,\"Privileged\":false,\"Tty\":false,\"User\":\"\",\"WorkingDir\":\"\"}"
time="2026-09-14T19:09:21.115718950Z" level=debug msg="Calling POST /v1.43/exec/8907ee78bbd50819ba6196e697c96287a6a6a6228d2fbbadeb96b9146b95ef92/start"
time="2026-09-14T19:09:21.115746372Z" level=debug msg="form data: {\"Detach\":false,\"Tty\":false}"
time="2026-09-14T19:09:21.115798341Z" level=debug msg="starting exec command 8907ee78bbd50819ba6196e697c96287a6a6a6228d2fbbadeb96b9146b95ef92 in container 45d4bbe80053f59072fd302edbe8a03eb3143e476e1a39a69cb369c9cb672ba4"
time="2026-09-14T19:09:21.116526310Z" level=debug msg="attach: stdin: begin"
time="2026-09-14T19:09:21.116542837Z" level=debug msg="attach: stdout: begin"
time="2026-09-14T19:09:21.116550697Z" level=debug msg="attach: stderr: begin"
time="2026-09-14T19:09:21.117118109Z" level=debug msg=event module=libcontainerd namespace=book1102 topic=/tasks/exec-added
time="2026-09-14T19:09:21.150093922Z" level=debug msg=event module=libcontainerd namespace=book1102 topic=/tasks/exec-started
time="2026-09-14T19:09:21.163673576Z" level=debug msg="Closing buffered stdin pipe"
time="2026-09-14T19:09:21.163718547Z" level=debug msg="attach: stdin: end"
time="2026-09-14T19:09:21.167299779Z" level=debug msg=event module=libcontainerd namespace=book1102 topic=/tasks/exit
time="2026-09-14T19:09:21.167374244Z" level=debug msg="attach: stdout: end"
time="2026-09-14T19:09:21.167382999Z" level=debug msg="attach: stderr: end"
time="2026-09-14T19:09:21.167409932Z" level=debug msg="attach done"
time="2026-09-14T19:09:21.167678087Z" level=debug msg="Calling GET /v1.43/exec/8907ee78bbd50819ba6196e697c96287a6a6a6228d2fbbadeb96b9146b95ef92/json"
time="2026-09-14T19:09:21.278245333Z" level=debug msg="Calling HEAD /_ping"
time="2026-09-14T19:09:21.278578643Z" level=debug msg="Calling DELETE /v1.43/containers/45d4bbe80053f59072fd302edbe8a03eb3143e476e1a39a69cb369c9cb672ba4?force=1"
time="2026-09-14T19:09:21.278600002Z" level=debug msg="Sending kill signal 9 to container 45d4bbe80053f59072fd302edbe8a03eb3143e476e1a39a69cb369c9cb672ba4"
time="2026-09-14T19:09:21.298743231Z" level=debug msg=event module=libcontainerd namespace=book1102 topic=/tasks/exit
time="2026-09-14T19:09:31.297509351Z" level=error msg="Container failed to exit within 10s of kill - trying direct SIGKILL" container=45d4bbe80053f59072fd302edbe8a03eb3143e476e1a39a69cb369c9cb672ba4 error="context deadline exceeded"
time="2026-09-14T19:09:51.299322705Z" level=warning msg="failed to delete container from containerd" container=45d4bbe80053f59072fd302edbe8a03eb3143e476e1a39a69cb369c9cb672ba4 error="context deadline exceeded"
time="2026-09-14T19:09:51.300768657Z" level=error msg="45d4bbe80053f59072fd302edbe8a03eb3143e476e1a39a69cb369c9cb672ba4 cleanup: failed to delete container from containerd: cannot delete running task 45d4bbe80053f59072fd302edbe8a03eb3143e476e1a39a69cb369c9cb672ba4: failed precondition"
time="2026-09-14T19:09:51.405868672Z" level=debug msg="Calling HEAD /_ping"
time="2026-09-14T19:09:51.406159570Z" level=debug msg="Calling DELETE /v1.43/containers/9a68bebc8055543f413da33f1fbbc8eaf8dd9a124bd3ddac5c7377a6b2a401e8?force=1"
time="2026-09-14T19:09:51.406187596Z" level=debug msg="Sending kill signal 9 to container 9a68bebc8055543f413da33f1fbbc8eaf8dd9a124bd3ddac5c7377a6b2a401e8"
time="2026-09-14T19:09:51.423435617Z" level=debug msg=event module=libcontainerd namespace=book1102 topic=/tasks/exit
time="2026-09-14T19:09:51.434401904Z" level=debug msg=event module=libcontainerd namespace=book1102 topic=/tasks/delete
time="2026-09-14T19:09:51.434430656Z" level=info msg="ignoring event" container=9a68bebc8055543f413da33f1fbbc8eaf8dd9a124bd3ddac5c7377a6b2a401e8 module=libcontainerd namespace=book1102 topic=/tasks/delete type="*events.TaskDelete"
time="2026-09-14T19:09:51.521216702Z" level=debug msg="Calling HEAD /_ping"
time="2026-09-14T19:09:51.521506800Z" level=debug msg="Calling DELETE /v1.43/containers/edc87014939f70eb05def530948e491f3a50728f3f17168e0fe6fc92a06475ac?force=1"
time="2026-09-14T19:09:51.521530109Z" level=debug msg="Sending kill signal 9 to container edc87014939f70eb05def530948e491f3a50728f3f17168e0fe6fc92a06475ac"
time="2026-09-14T19:09:51.537142319Z" level=debug msg=event module=libcontainerd namespace=book1102 topic=/tasks/exit
time="2026-09-14T19:09:51.543833760Z" level=debug msg=event module=libcontainerd namespace=book1102 topic=/tasks/delete
time="2026-09-14T19:09:51.543859802Z" level=info msg="ignoring event" container=edc87014939f70eb05def530948e491f3a50728f3f17168e0fe6fc92a06475ac module=libcontainerd namespace=book1102 topic=/tasks/delete type="*events.TaskDelete"
time="2026-09-14T19:09:51.616520395Z" level=debug msg="Calling HEAD /_ping"
time="2026-09-14T19:09:51.617152136Z" level=debug msg="Calling POST /v1.43/containers/create?name=book1102-abb7f011d6-t1-clean_rebuild"
time="2026-09-14T19:09:51.617287336Z" level=debug msg="form data: {\"AttachStderr\":true,\"AttachStdin\":false,\"AttachStdout\":true,\"Cmd\":[\"python\",\"-u\",\"/tmp/book-worker.py\"],\"Domainname\":\"\",\"Entrypoint\":null,\"Env\":null,\"HostConfig\":{\"AutoRemove\":false,\"Binds\":null,\"BlkioDeviceReadBps\":[],\"BlkioDeviceReadIOps\":[],\"BlkioDeviceWriteBps\":[],\"BlkioDeviceWriteIOps\":[],\"BlkioWeight\":0,\"BlkioWeightDevice\":[],\"CapAdd\":null,\"CapDrop\":null,\"Cgroup\":\"\",\"CgroupParent\":\"\",\"CgroupnsMode\":\"\",\"ConsoleSize\":[0,0],\"ContainerIDFile\":\"\",\"CpuCount\":0,\"CpuPercent\":0,\"CpuPeriod\":0,\"CpuQuota\":0,\"CpuRealtimePeriod\":0,\"CpuRealtimeRuntime\":0,\"CpuShares\":0,\"CpusetCpus\":\"\",\"CpusetMems\":\"\",\"DeviceCgroupRules\":null,\"DeviceRequests\":null,\"Devices\":[],\"Dns\":[],\"DnsOptions\":[],\"DnsSearch\":[],\"ExtraHosts\":null,\"GroupAdd\":null,\"IOMaximumBandwidth\":0,\"IOMaximumIOps\":0,\"IpcMode\":\"\",\"Isolation\":\"\",\"Links\":null,\"LogConfig\":{\"Config\":{},\"Type\":\"\"},\"MaskedPaths\":null,\"Memory\":268435456,\"MemoryReservation\":0,\"MemorySwap\":268435456,\"MemorySwappiness\":-1,\"NanoCpus\":1000000000,\"NetworkMode\":\"host\",\"OomKillDisable\":false,\"OomScoreAdj\":0,\"PidMode\":\"\",\"PidsLimit\":0,\"PortBindings\":{},\"Privileged\":false,\"PublishAllPorts\":false,\"ReadonlyPaths\":null,\"ReadonlyRootfs\":false,\"RestartPolicy\":{\"MaximumRetryCount\":0,\"Name\":\"no\"},\"SecurityOpt\":null,\"ShmSize\":0,\"UTSMode\":\"\",\"Ulimits\":null,\"UsernsMode\":\"\",\"VolumeDriver\":\"\",\"VolumesFrom\":null},\"Hostname\":\"\",\"Image\":\"sha256:002792ac193538382f4aa5b2f696e5669c20e3c972e60d75e6df90d64d4e696e\",\"Labels\":{\"book.experiment\":\"book1102-abb7f011d6\"},\"NetworkingConfig\":{\"EndpointsConfig\":{}},\"OnBuild\":null,\"OpenStdin\":false,\"StdinOnce\":false,\"Tty\":false,\"User\":\"\",\"Volumes\":{},\"WorkingDir\":\"\"}"
time="2026-09-14T19:09:51.650184912Z" level=debug msg="container mounted via layerStore: /home/ubuntu/ai-infra-book-experiments/ch11/11-02/docker-lifecycle/isolated-daemon/full-worker/data/overlay2/4872ea5eb1ce35a8e0708289d9b0e239a67e764b98847c017952642ad383a6f0/merged" container=ae1af7971c3663aa4f44b792e6a22d342391366c7c0f88f66abaec2b39791528
time="2026-09-14T19:09:51.672910873Z" level=debug msg="Calling HEAD /_ping"
time="2026-09-14T19:09:51.673138071Z" level=debug msg="Calling HEAD /v1.43/containers/ae1af7971c3663aa4f44b792e6a22d342391366c7c0f88f66abaec2b39791528/archive?path=%2Ftmp%2Fbook-worker.py"
time="2026-09-14T19:09:51.673622565Z" level=debug msg="container mounted via layerStore: /home/ubuntu/ai-infra-book-experiments/ch11/11-02/docker-lifecycle/isolated-daemon/full-worker/data/overlay2/4872ea5eb1ce35a8e0708289d9b0e239a67e764b98847c017952642ad383a6f0/merged" container=ae1af7971c3663aa4f44b792e6a22d342391366c7c0f88f66abaec2b39791528
time="2026-09-14T19:09:51.678328811Z" level=debug msg="Calling PUT /v1.43/containers/ae1af7971c3663aa4f44b792e6a22d342391366c7c0f88f66abaec2b39791528/archive?noOverwriteDirNonDir=true&path=%2Ftmp"
time="2026-09-14T19:09:51.678729897Z" level=debug msg="container mounted via layerStore: /home/ubuntu/ai-infra-book-experiments/ch11/11-02/docker-lifecycle/isolated-daemon/full-worker/data/overlay2/4872ea5eb1ce35a8e0708289d9b0e239a67e764b98847c017952642ad383a6f0/merged" container=ae1af7971c3663aa4f44b792e6a22d342391366c7c0f88f66abaec2b39791528
time="2026-09-14T19:09:51.696368720Z" level=debug msg="Calling HEAD /_ping"
time="2026-09-14T19:09:51.696628186Z" level=debug msg="Calling POST /v1.43/containers/ae1af7971c3663aa4f44b792e6a22d342391366c7c0f88f66abaec2b39791528/start"
time="2026-09-14T19:09:51.697113531Z" level=debug msg="container mounted via layerStore: /home/ubuntu/ai-infra-book-experiments/ch11/11-02/docker-lifecycle/isolated-daemon/full-worker/data/overlay2/4872ea5eb1ce35a8e0708289d9b0e239a67e764b98847c017952642ad383a6f0/merged" container=ae1af7971c3663aa4f44b792e6a22d342391366c7c0f88f66abaec2b39791528
time="2026-09-14T19:09:51.718231020Z" level=debug msg="EnableService ae1af7971c3663aa4f44b792e6a22d342391366c7c0f88f66abaec2b39791528 START"
time="2026-09-14T19:09:51.718251447Z" level=debug msg="EnableService ae1af7971c3663aa4f44b792e6a22d342391366c7c0f88f66abaec2b39791528 DONE"
time="2026-09-14T19:09:51.721825474Z" level=debug msg="createSpec: cgroupsPath: system.slice:docker:ae1af7971c3663aa4f44b792e6a22d342391366c7c0f88f66abaec2b39791528"
time="2026-09-14T19:09:51.722134054Z" level=debug msg="bundle dir created" bundle=/run/book1102-worker/containerd/ae1af7971c3663aa4f44b792e6a22d342391366c7c0f88f66abaec2b39791528 module=libcontainerd namespace=book1102 root=/home/ubuntu/ai-infra-book-experiments/ch11/11-02/docker-lifecycle/isolated-daemon/full-worker/data/overlay2/4872ea5eb1ce35a8e0708289d9b0e239a67e764b98847c017952642ad383a6f0/merged
time="2026-09-14T19:09:51.785745239Z" level=debug msg=event module=libcontainerd namespace=book1102 topic=/tasks/create
time="2026-09-14T19:09:51.791218839Z" level=debug msg=event module=libcontainerd namespace=book1102 topic=/tasks/start
time="2026-09-14T19:09:51.808737224Z" level=debug msg="Calling HEAD /_ping"
time="2026-09-14T19:09:51.808942153Z" level=debug msg="Calling GET /v1.43/containers/ae1af7971c3663aa4f44b792e6a22d342391366c7c0f88f66abaec2b39791528/json"
time="2026-09-14T19:09:51.819264976Z" level=debug msg="Calling HEAD /_ping"
time="2026-09-14T19:09:51.819516063Z" level=debug msg="Calling GET /v1.43/containers/ae1af7971c3663aa4f44b792e6a22d342391366c7c0f88f66abaec2b39791528/json"
time="2026-09-14T19:09:51.820332526Z" level=debug msg="Calling POST /v1.43/containers/ae1af7971c3663aa4f44b792e6a22d342391366c7c0f88f66abaec2b39791528/exec"
time="2026-09-14T19:09:51.820391063Z" level=debug msg="form data: {\"AttachStderr\":true,\"AttachStdin\":true,\"AttachStdout\":true,\"Cmd\":[\"python\",\"-u\",\"-c\",\"import socket,sys,time\\ns=socket.socket(socket.AF_UNIX)\\nfor i in range(100):\\n try:s.connect('/tmp/book-control.sock');break\\n except (FileNotFoundError,ConnectionRefusedError):time.sleep(.02)\\nprint('READY',flush=True)\\nfor line in sys.stdin.buffer:\\n s.sendall(line);data=b''\\n while not data.endswith(b'\\\\n'):\\n  chunk=s.recv(65536)\\n  if not chunk:raise RuntimeError('EOF')\\n  data+=chunk\\n sys.stdout.buffer.write(data);sys.stdout.buffer.flush()\\ns.close()\\n\"],\"Detach\":false,\"DetachKeys\":\"\",\"Env\":null,\"Privileged\":false,\"Tty\":false,\"User\":\"\",\"WorkingDir\":\"\"}"
time="2026-09-14T19:09:51.820607959Z" level=debug msg="Calling POST /v1.43/exec/b840195ec0a412022de69f6185b3191be66d35c0a01066d77673d7191073191a/start"
time="2026-09-14T19:09:51.820633443Z" level=debug msg="form data: {\"Detach\":false,\"Tty\":false}"
time="2026-09-14T19:09:51.820678034Z" level=debug msg="starting exec command b840195ec0a412022de69f6185b3191be66d35c0a01066d77673d7191073191a in container ae1af7971c3663aa4f44b792e6a22d342391366c7c0f88f66abaec2b39791528"
time="2026-09-14T19:09:51.821390261Z" level=debug msg="attach: stdin: begin"
time="2026-09-14T19:09:51.821404871Z" level=debug msg="attach: stdout: begin"
time="2026-09-14T19:09:51.821414580Z" level=debug msg="attach: stderr: begin"
time="2026-09-14T19:09:51.822228527Z" level=debug msg=event module=libcontainerd namespace=book1102 topic=/tasks/exec-added
time="2026-09-14T19:09:51.850085485Z" level=debug msg=event module=libcontainerd namespace=book1102 topic=/tasks/exec-started
time="2026-09-14T19:09:51.859435719Z" level=debug msg="Closing buffered stdin pipe"
time="2026-09-14T19:09:51.859479186Z" level=debug msg="attach: stdin: end"
time="2026-09-14T19:09:51.863377261Z" level=debug msg=event module=libcontainerd namespace=book1102 topic=/tasks/exit
time="2026-09-14T19:09:51.863454354Z" level=debug msg="attach: stdout: end"
time="2026-09-14T19:09:51.863461348Z" level=debug msg="attach: stderr: end"
time="2026-09-14T19:09:51.863484933Z" level=debug msg="attach done"
time="2026-09-14T19:09:51.863681303Z" level=debug msg="Calling GET /v1.43/exec/b840195ec0a412022de69f6185b3191be66d35c0a01066d77673d7191073191a/json"
time="2026-09-14T19:09:51.875309108Z" level=debug msg="Calling HEAD /_ping"
time="2026-09-14T19:09:51.875588707Z" level=debug msg="Calling POST /v1.43/containers/ae1af7971c3663aa4f44b792e6a22d342391366c7c0f88f66abaec2b39791528/stop?t=1"
time="2026-09-14T19:09:51.875619692Z" level=debug msg="Sending kill signal 15 to container ae1af7971c3663aa4f44b792e6a22d342391366c7c0f88f66abaec2b39791528"
time="2026-09-14T19:09:52.888062392Z" level=info msg="Container failed to exit within 1s of signal 15 - using the force" container=ae1af7971c3663aa4f44b792e6a22d342391366c7c0f88f66abaec2b39791528
time="2026-09-14T19:09:52.888100528Z" level=debug msg="Sending kill signal 9 to container ae1af7971c3663aa4f44b792e6a22d342391366c7c0f88f66abaec2b39791528"
time="2026-09-14T19:09:52.932995258Z" level=debug msg=event module=libcontainerd namespace=book1102 topic=/tasks/exit
time="2026-09-14T19:09:52.939938998Z" level=debug msg=event module=libcontainerd namespace=book1102 topic=/tasks/delete
time="2026-09-14T19:09:52.939965804Z" level=info msg="ignoring event" container=ae1af7971c3663aa4f44b792e6a22d342391366c7c0f88f66abaec2b39791528 module=libcontainerd namespace=book1102 topic=/tasks/delete type="*events.TaskDelete"
time="2026-09-14T19:09:53.128442021Z" level=debug msg="Calling HEAD /_ping"
time="2026-09-14T19:09:53.129086182Z" level=debug msg="Calling POST /v1.43/containers/create?name=book1102-abb7f011d6-t1-clean_rebuild-new"
time="2026-09-14T19:09:53.129210436Z" level=debug msg="form data: {\"AttachStderr\":true,\"AttachStdin\":false,\"AttachStdout\":true,\"Cmd\":[\"python\",\"-u\",\"/tmp/book-worker.py\"],\"Domainname\":\"\",\"Entrypoint\":null,\"Env\":null,\"HostConfig\":{\"AutoRemove\":false,\"Binds\":null,\"BlkioDeviceReadBps\":[],\"BlkioDeviceReadIOps\":[],\"BlkioDeviceWriteBps\":[],\"BlkioDeviceWriteIOps\":[],\"BlkioWeight\":0,\"BlkioWeightDevice\":[],\"CapAdd\":null,\"CapDrop\":null,\"Cgroup\":\"\",\"CgroupParent\":\"\",\"CgroupnsMode\":\"\",\"ConsoleSize\":[0,0],\"ContainerIDFile\":\"\",\"CpuCount\":0,\"CpuPercent\":0,\"CpuPeriod\":0,\"CpuQuota\":0,\"CpuRealtimePeriod\":0,\"CpuRealtimeRuntime\":0,\"CpuShares\":0,\"CpusetCpus\":\"\",\"CpusetMems\":\"\",\"DeviceCgroupRules\":null,\"DeviceRequests\":null,\"Devices\":[],\"Dns\":[],\"DnsOptions\":[],\"DnsSearch\":[],\"ExtraHosts\":null,\"GroupAdd\":null,\"IOMaximumBandwidth\":0,\"IOMaximumIOps\":0,\"IpcMode\":\"\",\"Isolation\":\"\",\"Links\":null,\"LogConfig\":{\"Config\":{},\"Type\":\"\"},\"MaskedPaths\":null,\"Memory\":268435456,\"MemoryReservation\":0,\"MemorySwap\":268435456,\"MemorySwappiness\":-1,\"NanoCpus\":1000000000,\"NetworkMode\":\"host\",\"OomKillDisable\":false,\"OomScoreAdj\":0,\"PidMode\":\"\",\"PidsLimit\":0,\"PortBindings\":{},\"Privileged\":false,\"PublishAllPorts\":false,\"ReadonlyPaths\":null,\"ReadonlyRootfs\":false,\"RestartPolicy\":{\"MaximumRetryCount\":0,\"Name\":\"no\"},\"SecurityOpt\":null,\"ShmSize\":0,\"UTSMode\":\"\",\"Ulimits\":null,\"UsernsMode\":\"\",\"VolumeDriver\":\"\",\"VolumesFrom\":null},\"Hostname\":\"\",\"Image\":\"sha256:002792ac193538382f4aa5b2f696e5669c20e3c972e60d75e6df90d64d4e696e\",\"Labels\":{\"book.experiment\":\"book1102-abb7f011d6\"},\"NetworkingConfig\":{\"EndpointsConfig\":{}},\"OnBuild\":null,\"OpenStdin\":false,\"StdinOnce\":false,\"Tty\":false,\"User\":\"\",\"Volumes\":{},\"WorkingDir\":\"\"}"
time="2026-09-14T19:09:53.235456210Z" level=debug msg="container mounted via layerStore: /home/ubuntu/ai-infra-book-experiments/ch11/11-02/docker-lifecycle/isolated-daemon/full-worker/data/overlay2/f94138dd72ef6f3c7292220b136c7c3a5aa218c20a8dcf4c770e16eabc450cce/merged" container=2751bcf257371cdd0fe0d618025e0bde6a6e8e21201d0c4fb35b946bc245da1e
time="2026-09-14T19:09:53.262123312Z" level=debug msg="Calling HEAD /_ping"
time="2026-09-14T19:09:53.262346915Z" level=debug msg="Calling HEAD /v1.43/containers/2751bcf257371cdd0fe0d618025e0bde6a6e8e21201d0c4fb35b946bc245da1e/archive?path=%2Ftmp%2Fbook-worker.py"
time="2026-09-14T19:09:53.262784661Z" level=debug msg="container mounted via layerStore: /home/ubuntu/ai-infra-book-experiments/ch11/11-02/docker-lifecycle/isolated-daemon/full-worker/data/overlay2/f94138dd72ef6f3c7292220b136c7c3a5aa218c20a8dcf4c770e16eabc450cce/merged" container=2751bcf257371cdd0fe0d618025e0bde6a6e8e21201d0c4fb35b946bc245da1e
time="2026-09-14T19:09:53.270416914Z" level=debug msg="Calling PUT /v1.43/containers/2751bcf257371cdd0fe0d618025e0bde6a6e8e21201d0c4fb35b946bc245da1e/archive?noOverwriteDirNonDir=true&path=%2Ftmp"
time="2026-09-14T19:09:53.270838469Z" level=debug msg="container mounted via layerStore: /home/ubuntu/ai-infra-book-experiments/ch11/11-02/docker-lifecycle/isolated-daemon/full-worker/data/overlay2/f94138dd72ef6f3c7292220b136c7c3a5aa218c20a8dcf4c770e16eabc450cce/merged" container=2751bcf257371cdd0fe0d618025e0bde6a6e8e21201d0c4fb35b946bc245da1e
time="2026-09-14T19:09:53.287291817Z" level=debug msg="Calling HEAD /_ping"
time="2026-09-14T19:09:53.287592435Z" level=debug msg="Calling POST /v1.43/containers/2751bcf257371cdd0fe0d618025e0bde6a6e8e21201d0c4fb35b946bc245da1e/start"
time="2026-09-14T19:09:53.288104659Z" level=debug msg="container mounted via layerStore: /home/ubuntu/ai-infra-book-experiments/ch11/11-02/docker-lifecycle/isolated-daemon/full-worker/data/overlay2/f94138dd72ef6f3c7292220b136c7c3a5aa218c20a8dcf4c770e16eabc450cce/merged" container=2751bcf257371cdd0fe0d618025e0bde6a6e8e21201d0c4fb35b946bc245da1e
time="2026-09-14T19:09:53.311545586Z" level=debug msg="EnableService 2751bcf257371cdd0fe0d618025e0bde6a6e8e21201d0c4fb35b946bc245da1e START"
time="2026-09-14T19:09:53.311568003Z" level=debug msg="EnableService 2751bcf257371cdd0fe0d618025e0bde6a6e8e21201d0c4fb35b946bc245da1e DONE"
time="2026-09-14T19:09:53.314878731Z" level=debug msg="createSpec: cgroupsPath: system.slice:docker:2751bcf257371cdd0fe0d618025e0bde6a6e8e21201d0c4fb35b946bc245da1e"
time="2026-09-14T19:09:53.315190007Z" level=debug msg="bundle dir created" bundle=/run/book1102-worker/containerd/2751bcf257371cdd0fe0d618025e0bde6a6e8e21201d0c4fb35b946bc245da1e module=libcontainerd namespace=book1102 root=/home/ubuntu/ai-infra-book-experiments/ch11/11-02/docker-lifecycle/isolated-daemon/full-worker/data/overlay2/f94138dd72ef6f3c7292220b136c7c3a5aa218c20a8dcf4c770e16eabc450cce/merged
time="2026-09-14T19:09:53.385398366Z" level=debug msg=event module=libcontainerd namespace=book1102 topic=/tasks/create
time="2026-09-14T19:09:53.390377432Z" level=debug msg=event module=libcontainerd namespace=book1102 topic=/tasks/start
time="2026-09-14T19:09:53.436867146Z" level=debug msg="Calling HEAD /_ping"
time="2026-09-14T19:09:53.437084800Z" level=debug msg="Calling GET /v1.43/containers/2751bcf257371cdd0fe0d618025e0bde6a6e8e21201d0c4fb35b946bc245da1e/json"
time="2026-09-14T19:09:53.447462799Z" level=debug msg="Calling HEAD /_ping"
time="2026-09-14T19:09:53.447683718Z" level=debug msg="Calling GET /v1.43/containers/2751bcf257371cdd0fe0d618025e0bde6a6e8e21201d0c4fb35b946bc245da1e/json"
time="2026-09-14T19:09:53.448540196Z" level=debug msg="Calling POST /v1.43/containers/2751bcf257371cdd0fe0d618025e0bde6a6e8e21201d0c4fb35b946bc245da1e/exec"
time="2026-09-14T19:09:53.448597627Z" level=debug msg="form data: {\"AttachStderr\":true,\"AttachStdin\":true,\"AttachStdout\":true,\"Cmd\":[\"python\",\"-u\",\"-c\",\"import socket,sys,time\\ns=socket.socket(socket.AF_UNIX)\\nfor i in range(100):\\n try:s.connect('/tmp/book-control.sock');break\\n except (FileNotFoundError,ConnectionRefusedError):time.sleep(.02)\\nprint('READY',flush=True)\\nfor line in sys.stdin.buffer:\\n s.sendall(line);data=b''\\n while not data.endswith(b'\\\\n'):\\n  chunk=s.recv(65536)\\n  if not chunk:raise RuntimeError('EOF')\\n  data+=chunk\\n sys.stdout.buffer.write(data);sys.stdout.buffer.flush()\\ns.close()\\n\"],\"Detach\":false,\"DetachKeys\":\"\",\"Env\":null,\"Privileged\":false,\"Tty\":false,\"User\":\"\",\"WorkingDir\":\"\"}"
time="2026-09-14T19:09:53.448861243Z" level=debug msg="Calling POST /v1.43/exec/d81d1d7d8e9c9e4540879bcb1496d9debb4362f2d333f2de784b59d1975a218d/start"
time="2026-09-14T19:09:53.448894392Z" level=debug msg="form data: {\"Detach\":false,\"Tty\":false}"
time="2026-09-14T19:09:53.448950598Z" level=debug msg="starting exec command d81d1d7d8e9c9e4540879bcb1496d9debb4362f2d333f2de784b59d1975a218d in container 2751bcf257371cdd0fe0d618025e0bde6a6e8e21201d0c4fb35b946bc245da1e"
time="2026-09-14T19:09:53.449709824Z" level=debug msg="attach: stdin: begin"
time="2026-09-14T19:09:53.449732655Z" level=debug msg="attach: stderr: begin"
time="2026-09-14T19:09:53.449722947Z" level=debug msg="attach: stdout: begin"
time="2026-09-14T19:09:53.450562629Z" level=debug msg=event module=libcontainerd namespace=book1102 topic=/tasks/exec-added
time="2026-09-14T19:09:53.492344018Z" level=debug msg=event module=libcontainerd namespace=book1102 topic=/tasks/exec-started
time="2026-09-14T19:09:53.506259982Z" level=debug msg="Closing buffered stdin pipe"
time="2026-09-14T19:09:53.506298697Z" level=debug msg="attach: stdin: end"
time="2026-09-14T19:09:53.509890220Z" level=debug msg=event module=libcontainerd namespace=book1102 topic=/tasks/exit
time="2026-09-14T19:09:53.510017591Z" level=debug msg="attach: stdout: end"
time="2026-09-14T19:09:53.510021490Z" level=debug msg="attach: stderr: end"
time="2026-09-14T19:09:53.510050492Z" level=debug msg="attach done"
time="2026-09-14T19:09:53.510270358Z" level=debug msg="Calling GET /v1.43/exec/d81d1d7d8e9c9e4540879bcb1496d9debb4362f2d333f2de784b59d1975a218d/json"
time="2026-09-14T19:09:53.522272159Z" level=debug msg="Calling HEAD /_ping"
time="2026-09-14T19:09:53.522557710Z" level=debug msg="Calling DELETE /v1.43/containers/ae1af7971c3663aa4f44b792e6a22d342391366c7c0f88f66abaec2b39791528?force=1"
time="2026-09-14T19:09:53.542884340Z" level=debug msg="Calling HEAD /_ping"
time="2026-09-14T19:09:53.543161107Z" level=debug msg="Calling DELETE /v1.43/containers/2751bcf257371cdd0fe0d618025e0bde6a6e8e21201d0c4fb35b946bc245da1e?force=1"
time="2026-09-14T19:09:53.543182866Z" level=debug msg="Sending kill signal 9 to container 2751bcf257371cdd0fe0d618025e0bde6a6e8e21201d0c4fb35b946bc245da1e"
time="2026-09-14T19:09:53.556865774Z" level=debug msg=event module=libcontainerd namespace=book1102 topic=/tasks/exit
time="2026-09-14T19:09:53.564017050Z" level=debug msg=event module=libcontainerd namespace=book1102 topic=/tasks/delete
time="2026-09-14T19:09:53.564046662Z" level=info msg="ignoring event" container=2751bcf257371cdd0fe0d618025e0bde6a6e8e21201d0c4fb35b946bc245da1e module=libcontainerd namespace=book1102 topic=/tasks/delete type="*events.TaskDelete"
time="2026-09-14T19:09:53.633315027Z" level=debug msg="Calling HEAD /_ping"
time="2026-09-14T19:09:53.633928379Z" level=debug msg="Calling POST /v1.43/containers/create?name=book1102-abb7f011d6-t1-filesystem"
time="2026-09-14T19:09:53.634055350Z" level=debug msg="form data: {\"AttachStderr\":true,\"AttachStdin\":false,\"AttachStdout\":true,\"Cmd\":[\"python\",\"-u\",\"/tmp/book-worker.py\"],\"Domainname\":\"\",\"Entrypoint\":null,\"Env\":null,\"HostConfig\":{\"AutoRemove\":false,\"Binds\":null,\"BlkioDeviceReadBps\":[],\"BlkioDeviceReadIOps\":[],\"BlkioDeviceWriteBps\":[],\"BlkioDeviceWriteIOps\":[],\"BlkioWeight\":0,\"BlkioWeightDevice\":[],\"CapAdd\":null,\"CapDrop\":null,\"Cgroup\":\"\",\"CgroupParent\":\"\",\"CgroupnsMode\":\"\",\"ConsoleSize\":[0,0],\"ContainerIDFile\":\"\",\"CpuCount\":0,\"CpuPercent\":0,\"CpuPeriod\":0,\"CpuQuota\":0,\"CpuRealtimePeriod\":0,\"CpuRealtimeRuntime\":0,\"CpuShares\":0,\"CpusetCpus\":\"\",\"CpusetMems\":\"\",\"DeviceCgroupRules\":null,\"DeviceRequests\":null,\"Devices\":[],\"Dns\":[],\"DnsOptions\":[],\"DnsSearch\":[],\"ExtraHosts\":null,\"GroupAdd\":null,\"IOMaximumBandwidth\":0,\"IOMaximumIOps\":0,\"IpcMode\":\"\",\"Isolation\":\"\",\"Links\":null,\"LogConfig\":{\"Config\":{},\"Type\":\"\"},\"MaskedPaths\":null,\"Memory\":268435456,\"MemoryReservation\":0,\"MemorySwap\":268435456,\"MemorySwappiness\":-1,\"NanoCpus\":1000000000,\"NetworkMode\":\"host\",\"OomKillDisable\":false,\"OomScoreAdj\":0,\"PidMode\":\"\",\"PidsLimit\":0,\"PortBindings\":{},\"Privileged\":false,\"PublishAllPorts\":false,\"ReadonlyPaths\":null,\"ReadonlyRootfs\":false,\"RestartPolicy\":{\"MaximumRetryCount\":0,\"Name\":\"no\"},\"SecurityOpt\":null,\"ShmSize\":0,\"UTSMode\":\"\",\"Ulimits\":null,\"UsernsMode\":\"\",\"VolumeDriver\":\"\",\"VolumesFrom\":null},\"Hostname\":\"\",\"Image\":\"sha256:002792ac193538382f4aa5b2f696e5669c20e3c972e60d75e6df90d64d4e696e\",\"Labels\":{\"book.experiment\":\"book1102-abb7f011d6\"},\"NetworkingConfig\":{\"EndpointsConfig\":{}},\"OnBuild\":null,\"OpenStdin\":false,\"StdinOnce\":false,\"Tty\":false,\"User\":\"\",\"Volumes\":{},\"WorkingDir\":\"\"}"
time="2026-09-14T19:09:53.662469259Z" level=debug msg="container mounted via layerStore: /home/ubuntu/ai-infra-book-experiments/ch11/11-02/docker-lifecycle/isolated-daemon/full-worker/data/overlay2/f5671e903919ba70662ffd42141f8a5c5d4edcf44a123f69f1e5794926150919/merged" container=5a2fbf8c8d218a0c9cf426c7459b4d8bf30fb5949ce762527f1cda9ab579df76
time="2026-09-14T19:09:53.685425920Z" level=debug msg="Calling HEAD /_ping"
time="2026-09-14T19:09:53.685650197Z" level=debug msg="Calling HEAD /v1.43/containers/5a2fbf8c8d218a0c9cf426c7459b4d8bf30fb5949ce762527f1cda9ab579df76/archive?path=%2Ftmp%2Fbook-worker.py"
time="2026-09-14T19:09:53.686122322Z" level=debug msg="container mounted via layerStore: /home/ubuntu/ai-infra-book-experiments/ch11/11-02/docker-lifecycle/isolated-daemon/full-worker/data/overlay2/f5671e903919ba70662ffd42141f8a5c5d4edcf44a123f69f1e5794926150919/merged" container=5a2fbf8c8d218a0c9cf426c7459b4d8bf30fb5949ce762527f1cda9ab579df76
time="2026-09-14T19:09:53.694492438Z" level=debug msg="Calling PUT /v1.43/containers/5a2fbf8c8d218a0c9cf426c7459b4d8bf30fb5949ce762527f1cda9ab579df76/archive?noOverwriteDirNonDir=true&path=%2Ftmp"
time="2026-09-14T19:09:53.694929974Z" level=debug msg="container mounted via layerStore: /home/ubuntu/ai-infra-book-experiments/ch11/11-02/docker-lifecycle/isolated-daemon/full-worker/data/overlay2/f5671e903919ba70662ffd42141f8a5c5d4edcf44a123f69f1e5794926150919/merged" container=5a2fbf8c8d218a0c9cf426c7459b4d8bf30fb5949ce762527f1cda9ab579df76
time="2026-09-14T19:09:53.713134072Z" level=debug msg="Calling HEAD /_ping"
time="2026-09-14T19:09:53.713437449Z" level=debug msg="Calling POST /v1.43/containers/5a2fbf8c8d218a0c9cf426c7459b4d8bf30fb5949ce762527f1cda9ab579df76/start"
time="2026-09-14T19:09:53.713966585Z" level=debug msg="container mounted via layerStore: /home/ubuntu/ai-infra-book-experiments/ch11/11-02/docker-lifecycle/isolated-daemon/full-worker/data/overlay2/f5671e903919ba70662ffd42141f8a5c5d4edcf44a123f69f1e5794926150919/merged" container=5a2fbf8c8d218a0c9cf426c7459b4d8bf30fb5949ce762527f1cda9ab579df76
time="2026-09-14T19:09:53.738268943Z" level=debug msg="EnableService 5a2fbf8c8d218a0c9cf426c7459b4d8bf30fb5949ce762527f1cda9ab579df76 START"
time="2026-09-14T19:09:53.738286348Z" level=debug msg="EnableService 5a2fbf8c8d218a0c9cf426c7459b4d8bf30fb5949ce762527f1cda9ab579df76 DONE"
time="2026-09-14T19:09:53.742060972Z" level=debug msg="createSpec: cgroupsPath: system.slice:docker:5a2fbf8c8d218a0c9cf426c7459b4d8bf30fb5949ce762527f1cda9ab579df76"
time="2026-09-14T19:09:53.742358714Z" level=debug msg="bundle dir created" bundle=/run/book1102-worker/containerd/5a2fbf8c8d218a0c9cf426c7459b4d8bf30fb5949ce762527f1cda9ab579df76 module=libcontainerd namespace=book1102 root=/home/ubuntu/ai-infra-book-experiments/ch11/11-02/docker-lifecycle/isolated-daemon/full-worker/data/overlay2/f5671e903919ba70662ffd42141f8a5c5d4edcf44a123f69f1e5794926150919/merged
time="2026-09-14T19:09:53.813523064Z" level=debug msg=event module=libcontainerd namespace=book1102 topic=/tasks/create
time="2026-09-14T19:09:53.818185639Z" level=debug msg=event module=libcontainerd namespace=book1102 topic=/tasks/start
time="2026-09-14T19:09:53.835065826Z" level=debug msg="Calling HEAD /_ping"
time="2026-09-14T19:09:53.835287618Z" level=debug msg="Calling GET /v1.43/containers/5a2fbf8c8d218a0c9cf426c7459b4d8bf30fb5949ce762527f1cda9ab579df76/json"
time="2026-09-14T19:09:53.845715648Z" level=debug msg="Calling HEAD /_ping"
time="2026-09-14T19:09:53.845954948Z" level=debug msg="Calling GET /v1.43/containers/5a2fbf8c8d218a0c9cf426c7459b4d8bf30fb5949ce762527f1cda9ab579df76/json"
time="2026-09-14T19:09:53.846829808Z" level=debug msg="Calling POST /v1.43/containers/5a2fbf8c8d218a0c9cf426c7459b4d8bf30fb5949ce762527f1cda9ab579df76/exec"
time="2026-09-14T19:09:53.846897309Z" level=debug msg="form data: {\"AttachStderr\":true,\"AttachStdin\":true,\"AttachStdout\":true,\"Cmd\":[\"python\",\"-u\",\"-c\",\"import socket,sys,time\\ns=socket.socket(socket.AF_UNIX)\\nfor i in range(100):\\n try:s.connect('/tmp/book-control.sock');break\\n except (FileNotFoundError,ConnectionRefusedError):time.sleep(.02)\\nprint('READY',flush=True)\\nfor line in sys.stdin.buffer:\\n s.sendall(line);data=b''\\n while not data.endswith(b'\\\\n'):\\n  chunk=s.recv(65536)\\n  if not chunk:raise RuntimeError('EOF')\\n  data+=chunk\\n sys.stdout.buffer.write(data);sys.stdout.buffer.flush()\\ns.close()\\n\"],\"Detach\":false,\"DetachKeys\":\"\",\"Env\":null,\"Privileged\":false,\"Tty\":false,\"User\":\"\",\"WorkingDir\":\"\"}"
time="2026-09-14T19:09:53.847098178Z" level=debug msg="Calling POST /v1.43/exec/10d3d8e6c9947c17565667f3234b29bfa5907a9e4a6d885150e1d56d56b57528/start"
time="2026-09-14T19:09:53.847125524Z" level=debug msg="form data: {\"Detach\":false,\"Tty\":false}"
time="2026-09-14T19:09:53.847172149Z" level=debug msg="starting exec command 10d3d8e6c9947c17565667f3234b29bfa5907a9e4a6d885150e1d56d56b57528 in container 5a2fbf8c8d218a0c9cf426c7459b4d8bf30fb5949ce762527f1cda9ab579df76"
time="2026-09-14T19:09:53.847877079Z" level=debug msg="attach: stdout: begin"
time="2026-09-14T19:09:53.847876964Z" level=debug msg="attach: stderr: begin"
time="2026-09-14T19:09:53.847876918Z" level=debug msg="attach: stdin: begin"
time="2026-09-14T19:09:53.848675379Z" level=debug msg=event module=libcontainerd namespace=book1102 topic=/tasks/exec-added
time="2026-09-14T19:09:53.881185807Z" level=debug msg=event module=libcontainerd namespace=book1102 topic=/tasks/exec-started
time="2026-09-14T19:09:53.904165175Z" level=debug msg="Calling HEAD /_ping"
time="2026-09-14T19:09:53.904493437Z" level=debug msg="Calling POST /v1.43/commit?author=&comment=&container=5a2fbf8c8d218a0c9cf426c7459b4d8bf30fb5949ce762527f1cda9ab579df76&repo=book1102-abb7f011d6&tag=t1-filesystem"
time="2026-09-14T19:09:53.904518656Z" level=debug msg="form data: null"
time="2026-09-14T19:09:53.909825682Z" level=debug msg=event module=libcontainerd namespace=book1102 topic=/tasks/paused
time="2026-09-14T19:09:53.919002507Z" level=debug msg="Tar with options on /home/ubuntu/ai-infra-book-experiments/ch11/11-02/docker-lifecycle/isolated-daemon/full-worker/data/overlay2/f5671e903919ba70662ffd42141f8a5c5d4edcf44a123f69f1e5794926150919/diff" storage-driver=overlay2
time="2026-09-14T19:09:53.919271231Z" level=error msg="Can't add file /home/ubuntu/ai-infra-book-experiments/ch11/11-02/docker-lifecycle/isolated-daemon/full-worker/data/overlay2/f5671e903919ba70662ffd42141f8a5c5d4edcf44a123f69f1e5794926150919/diff/tmp/book-control.sock to tar: archive/tar: sockets not supported"
time="2026-09-14T19:09:53.929076834Z" level=debug msg="Applying tar in /home/ubuntu/ai-infra-book-experiments/ch11/11-02/docker-lifecycle/isolated-daemon/full-worker/data/overlay2/c480207cc0ec59ba7e9c2a53e4973449c6853a13e104d84a3205b1157b31c06e/diff" storage-driver=overlay2
time="2026-09-14T19:09:53.938187950Z" level=debug msg="Applied tar sha256:e532b72843634529605bdee46dd6bbf704f6d8677b3e4da25f1cbf28fe77a290 to c480207cc0ec59ba7e9c2a53e4973449c6853a13e104d84a3205b1157b31c06e, size: 866667"
time="2026-09-14T19:09:53.974691378Z" level=debug msg=event module=libcontainerd namespace=book1102 topic=/tasks/resumed
time="2026-09-14T19:09:53.992412489Z" level=debug msg="Calling HEAD /_ping"
time="2026-09-14T19:09:53.993094559Z" level=debug msg="Calling POST /v1.43/containers/create?name=book1102-abb7f011d6-t1-filesystem-new"
time="2026-09-14T19:09:53.993219941Z" level=debug msg="form data: {\"AttachStderr\":true,\"AttachStdin\":false,\"AttachStdout\":true,\"Cmd\":[\"python\",\"-u\",\"/tmp/book-worker.py\"],\"Domainname\":\"\",\"Entrypoint\":null,\"Env\":null,\"HostConfig\":{\"AutoRemove\":false,\"Binds\":null,\"BlkioDeviceReadBps\":[],\"BlkioDeviceReadIOps\":[],\"BlkioDeviceWriteBps\":[],\"BlkioDeviceWriteIOps\":[],\"BlkioWeight\":0,\"BlkioWeightDevice\":[],\"CapAdd\":null,\"CapDrop\":null,\"Cgroup\":\"\",\"CgroupParent\":\"\",\"CgroupnsMode\":\"\",\"ConsoleSize\":[0,0],\"ContainerIDFile\":\"\",\"CpuCount\":0,\"CpuPercent\":0,\"CpuPeriod\":0,\"CpuQuota\":0,\"CpuRealtimePeriod\":0,\"CpuRealtimeRuntime\":0,\"CpuShares\":0,\"CpusetCpus\":\"\",\"CpusetMems\":\"\",\"DeviceCgroupRules\":null,\"DeviceRequests\":null,\"Devices\":[],\"Dns\":[],\"DnsOptions\":[],\"DnsSearch\":[],\"ExtraHosts\":null,\"GroupAdd\":null,\"IOMaximumBandwidth\":0,\"IOMaximumIOps\":0,\"IpcMode\":\"\",\"Isolation\":\"\",\"Links\":null,\"LogConfig\":{\"Config\":{},\"Type\":\"\"},\"MaskedPaths\":null,\"Memory\":268435456,\"MemoryReservation\":0,\"MemorySwap\":268435456,\"MemorySwappiness\":-1,\"NanoCpus\":1000000000,\"NetworkMode\":\"host\",\"OomKillDisable\":false,\"OomScoreAdj\":0,\"PidMode\":\"\",\"PidsLimit\":0,\"PortBindings\":{},\"Privileged\":false,\"PublishAllPorts\":false,\"ReadonlyPaths\":null,\"ReadonlyRootfs\":false,\"RestartPolicy\":{\"MaximumRetryCount\":0,\"Name\":\"no\"},\"SecurityOpt\":null,\"ShmSize\":0,\"UTSMode\":\"\",\"Ulimits\":null,\"UsernsMode\":\"\",\"VolumeDriver\":\"\",\"VolumesFrom\":null},\"Hostname\":\"\",\"Image\":\"book1102-abb7f011d6:t1-filesystem\",\"Labels\":{\"book.experiment\":\"book1102-abb7f011d6\"},\"NetworkingConfig\":{\"EndpointsConfig\":{}},\"OnBuild\":null,\"OpenStdin\":false,\"StdinOnce\":false,\"Tty\":false,\"User\":\"\",\"Volumes\":{},\"WorkingDir\":\"\"}"
time="2026-09-14T19:09:54.027218998Z" level=debug msg="container mounted via layerStore: /home/ubuntu/ai-infra-book-experiments/ch11/11-02/docker-lifecycle/isolated-daemon/full-worker/data/overlay2/b180ad59125df248dd612ae62e105468841f90a1ede39e0532314ea39a69682f/merged" container=f97c2041015be13c9d2bc9baffa70a4c65c5389a9ca2c0746aaa2a123c5ecbee
time="2026-09-14T19:09:54.050408257Z" level=debug msg="Calling HEAD /_ping"
time="2026-09-14T19:09:54.050631640Z" level=debug msg="Calling HEAD /v1.43/containers/f97c2041015be13c9d2bc9baffa70a4c65c5389a9ca2c0746aaa2a123c5ecbee/archive?path=%2Ftmp%2Fbook-worker.py"
time="2026-09-14T19:09:54.051158714Z" level=debug msg="container mounted via layerStore: /home/ubuntu/ai-infra-book-experiments/ch11/11-02/docker-lifecycle/isolated-daemon/full-worker/data/overlay2/b180ad59125df248dd612ae62e105468841f90a1ede39e0532314ea39a69682f/merged" container=f97c2041015be13c9d2bc9baffa70a4c65c5389a9ca2c0746aaa2a123c5ecbee
time="2026-09-14T19:09:54.056183459Z" level=debug msg="Calling PUT /v1.43/containers/f97c2041015be13c9d2bc9baffa70a4c65c5389a9ca2c0746aaa2a123c5ecbee/archive?noOverwriteDirNonDir=true&path=%2Ftmp"
time="2026-09-14T19:09:54.056507116Z" level=debug msg="container mounted via layerStore: /home/ubuntu/ai-infra-book-experiments/ch11/11-02/docker-lifecycle/isolated-daemon/full-worker/data/overlay2/b180ad59125df248dd612ae62e105468841f90a1ede39e0532314ea39a69682f/merged" container=f97c2041015be13c9d2bc9baffa70a4c65c5389a9ca2c0746aaa2a123c5ecbee
time="2026-09-14T19:09:54.068783109Z" level=debug msg="Calling HEAD /_ping"
time="2026-09-14T19:09:54.072149870Z" level=debug msg="Calling POST /v1.43/containers/f97c2041015be13c9d2bc9baffa70a4c65c5389a9ca2c0746aaa2a123c5ecbee/start"
time="2026-09-14T19:09:54.072660499Z" level=debug msg="container mounted via layerStore: /home/ubuntu/ai-infra-book-experiments/ch11/11-02/docker-lifecycle/isolated-daemon/full-worker/data/overlay2/b180ad59125df248dd612ae62e105468841f90a1ede39e0532314ea39a69682f/merged" container=f97c2041015be13c9d2bc9baffa70a4c65c5389a9ca2c0746aaa2a123c5ecbee
time="2026-09-14T19:09:54.098571173Z" level=debug msg="EnableService f97c2041015be13c9d2bc9baffa70a4c65c5389a9ca2c0746aaa2a123c5ecbee START"
time="2026-09-14T19:09:54.098593574Z" level=debug msg="EnableService f97c2041015be13c9d2bc9baffa70a4c65c5389a9ca2c0746aaa2a123c5ecbee DONE"
time="2026-09-14T19:09:54.103122396Z" level=debug msg="createSpec: cgroupsPath: system.slice:docker:f97c2041015be13c9d2bc9baffa70a4c65c5389a9ca2c0746aaa2a123c5ecbee"
time="2026-09-14T19:09:54.103442820Z" level=debug msg="bundle dir created" bundle=/run/book1102-worker/containerd/f97c2041015be13c9d2bc9baffa70a4c65c5389a9ca2c0746aaa2a123c5ecbee module=libcontainerd namespace=book1102 root=/home/ubuntu/ai-infra-book-experiments/ch11/11-02/docker-lifecycle/isolated-daemon/full-worker/data/overlay2/b180ad59125df248dd612ae62e105468841f90a1ede39e0532314ea39a69682f/merged
time="2026-09-14T19:09:54.171867521Z" level=debug msg=event module=libcontainerd namespace=book1102 topic=/tasks/create
time="2026-09-14T19:09:54.176691929Z" level=debug msg=event module=libcontainerd namespace=book1102 topic=/tasks/start
time="2026-09-14T19:09:54.194045111Z" level=debug msg="Calling HEAD /_ping"
time="2026-09-14T19:09:54.194270657Z" level=debug msg="Calling GET /v1.43/containers/f97c2041015be13c9d2bc9baffa70a4c65c5389a9ca2c0746aaa2a123c5ecbee/json"
time="2026-09-14T19:09:54.204507755Z" level=debug msg="Calling HEAD /_ping"
time="2026-09-14T19:09:54.204722956Z" level=debug msg="Calling GET /v1.43/containers/f97c2041015be13c9d2bc9baffa70a4c65c5389a9ca2c0746aaa2a123c5ecbee/json"
time="2026-09-14T19:09:54.205565735Z" level=debug msg="Calling POST /v1.43/containers/f97c2041015be13c9d2bc9baffa70a4c65c5389a9ca2c0746aaa2a123c5ecbee/exec"
time="2026-09-14T19:09:54.205622316Z" level=debug msg="form data: {\"AttachStderr\":true,\"AttachStdin\":true,\"AttachStdout\":true,\"Cmd\":[\"python\",\"-u\",\"-c\",\"import socket,sys,time\\ns=socket.socket(socket.AF_UNIX)\\nfor i in range(100):\\n try:s.connect('/tmp/book-control.sock');break\\n except (FileNotFoundError,ConnectionRefusedError):time.sleep(.02)\\nprint('READY',flush=True)\\nfor line in sys.stdin.buffer:\\n s.sendall(line);data=b''\\n while not data.endswith(b'\\\\n'):\\n  chunk=s.recv(65536)\\n  if not chunk:raise RuntimeError('EOF')\\n  data+=chunk\\n sys.stdout.buffer.write(data);sys.stdout.buffer.flush()\\ns.close()\\n\"],\"Detach\":false,\"DetachKeys\":\"\",\"Env\":null,\"Privileged\":false,\"Tty\":false,\"User\":\"\",\"WorkingDir\":\"\"}"
time="2026-09-14T19:09:54.205856167Z" level=debug msg="Calling POST /v1.43/exec/339c1dfa8832674b6bdb96c5e382bb929431f02e3042c1a2a8144f35221cde37/start"
time="2026-09-14T19:09:54.205881925Z" level=debug msg="form data: {\"Detach\":false,\"Tty\":false}"
time="2026-09-14T19:09:54.205929378Z" level=debug msg="starting exec command 339c1dfa8832674b6bdb96c5e382bb929431f02e3042c1a2a8144f35221cde37 in container f97c2041015be13c9d2bc9baffa70a4c65c5389a9ca2c0746aaa2a123c5ecbee"
time="2026-09-14T19:09:54.206722597Z" level=debug msg="attach: stdout: begin"
time="2026-09-14T19:09:54.206743988Z" level=debug msg="attach: stdin: begin"
time="2026-09-14T19:09:54.206730393Z" level=debug msg="attach: stderr: begin"
time="2026-09-14T19:09:54.207478359Z" level=debug msg=event module=libcontainerd namespace=book1102 topic=/tasks/exec-added
time="2026-09-14T19:09:54.242063040Z" level=debug msg=event module=libcontainerd namespace=book1102 topic=/tasks/exec-started
time="2026-09-14T19:09:54.255705661Z" level=debug msg="Closing buffered stdin pipe"
time="2026-09-14T19:09:54.255744224Z" level=debug msg="attach: stdin: end"
time="2026-09-14T19:09:54.259768246Z" level=debug msg=event module=libcontainerd namespace=book1102 topic=/tasks/exit
time="2026-09-14T19:09:54.259840156Z" level=debug msg="attach: stdout: end"
time="2026-09-14T19:09:54.259859608Z" level=debug msg="attach: stderr: end"
time="2026-09-14T19:09:54.259870009Z" level=debug msg="attach done"
time="2026-09-14T19:09:54.260069192Z" level=debug msg="Calling GET /v1.43/exec/339c1dfa8832674b6bdb96c5e382bb929431f02e3042c1a2a8144f35221cde37/json"
time="2026-09-14T19:09:54.263324801Z" level=debug msg="Closing buffered stdin pipe"
time="2026-09-14T19:09:54.263378624Z" level=debug msg="attach: stdin: end"
time="2026-09-14T19:09:54.267642751Z" level=debug msg=event module=libcontainerd namespace=book1102 topic=/tasks/exit
time="2026-09-14T19:09:54.267717941Z" level=debug msg="attach: stdout: end"
time="2026-09-14T19:09:54.267732032Z" level=debug msg="attach: stderr: end"
time="2026-09-14T19:09:54.267759954Z" level=debug msg="attach done"
time="2026-09-14T19:09:54.267973534Z" level=debug msg="Calling GET /v1.43/exec/10d3d8e6c9947c17565667f3234b29bfa5907a9e4a6d885150e1d56d56b57528/json"
time="2026-09-14T19:09:54.277340550Z" level=debug msg="Calling HEAD /_ping"
time="2026-09-14T19:09:54.277689406Z" level=debug msg="Calling DELETE /v1.43/containers/5a2fbf8c8d218a0c9cf426c7459b4d8bf30fb5949ce762527f1cda9ab579df76?force=1"
time="2026-09-14T19:09:54.277708549Z" level=debug msg="Sending kill signal 9 to container 5a2fbf8c8d218a0c9cf426c7459b4d8bf30fb5949ce762527f1cda9ab579df76"
time="2026-09-14T19:09:54.291816119Z" level=debug msg=event module=libcontainerd namespace=book1102 topic=/tasks/exit
time="2026-09-14T19:09:54.298721004Z" level=debug msg=event module=libcontainerd namespace=book1102 topic=/tasks/delete
time="2026-09-14T19:09:54.298746109Z" level=info msg="ignoring event" container=5a2fbf8c8d218a0c9cf426c7459b4d8bf30fb5949ce762527f1cda9ab579df76 module=libcontainerd namespace=book1102 topic=/tasks/delete type="*events.TaskDelete"
time="2026-09-14T19:09:54.365586544Z" level=debug msg="Calling HEAD /_ping"
time="2026-09-14T19:09:54.365892737Z" level=debug msg="Calling DELETE /v1.43/containers/f97c2041015be13c9d2bc9baffa70a4c65c5389a9ca2c0746aaa2a123c5ecbee?force=1"
time="2026-09-14T19:09:54.365913386Z" level=debug msg="Sending kill signal 9 to container f97c2041015be13c9d2bc9baffa70a4c65c5389a9ca2c0746aaa2a123c5ecbee"
time="2026-09-14T19:09:54.379681148Z" level=debug msg=event module=libcontainerd namespace=book1102 topic=/tasks/exit
time="2026-09-14T19:09:54.386851481Z" level=debug msg=event module=libcontainerd namespace=book1102 topic=/tasks/delete
time="2026-09-14T19:09:54.386879431Z" level=info msg="ignoring event" container=f97c2041015be13c9d2bc9baffa70a4c65c5389a9ca2c0746aaa2a123c5ecbee module=libcontainerd namespace=book1102 topic=/tasks/delete type="*events.TaskDelete"
time="2026-09-14T19:09:54.450981662Z" level=debug msg="Calling HEAD /_ping"
time="2026-09-14T19:09:54.451602176Z" level=debug msg="Calling POST /v1.43/containers/create?name=book1102-abb7f011d6-t2-pause"
time="2026-09-14T19:09:54.451724687Z" level=debug msg="form data: {\"AttachStderr\":true,\"AttachStdin\":false,\"AttachStdout\":true,\"Cmd\":[\"python\",\"-u\",\"/tmp/book-worker.py\"],\"Domainname\":\"\",\"Entrypoint\":null,\"Env\":null,\"HostConfig\":{\"AutoRemove\":false,\"Binds\":null,\"BlkioDeviceReadBps\":[],\"BlkioDeviceReadIOps\":[],\"BlkioDeviceWriteBps\":[],\"BlkioDeviceWriteIOps\":[],\"BlkioWeight\":0,\"BlkioWeightDevice\":[],\"CapAdd\":null,\"CapDrop\":null,\"Cgroup\":\"\",\"CgroupParent\":\"\",\"CgroupnsMode\":\"\",\"ConsoleSize\":[0,0],\"ContainerIDFile\":\"\",\"CpuCount\":0,\"CpuPercent\":0,\"CpuPeriod\":0,\"CpuQuota\":0,\"CpuRealtimePeriod\":0,\"CpuRealtimeRuntime\":0,\"CpuShares\":0,\"CpusetCpus\":\"\",\"CpusetMems\":\"\",\"DeviceCgroupRules\":null,\"DeviceRequests\":null,\"Devices\":[],\"Dns\":[],\"DnsOptions\":[],\"DnsSearch\":[],\"ExtraHosts\":null,\"GroupAdd\":null,\"IOMaximumBandwidth\":0,\"IOMaximumIOps\":0,\"IpcMode\":\"\",\"Isolation\":\"\",\"Links\":null,\"LogConfig\":{\"Config\":{},\"Type\":\"\"},\"MaskedPaths\":null,\"Memory\":268435456,\"MemoryReservation\":0,\"MemorySwap\":268435456,\"MemorySwappiness\":-1,\"NanoCpus\":1000000000,\"NetworkMode\":\"host\",\"OomKillDisable\":false,\"OomScoreAdj\":0,\"PidMode\":\"\",\"PidsLimit\":0,\"PortBindings\":{},\"Privileged\":false,\"PublishAllPorts\":false,\"ReadonlyPaths\":null,\"ReadonlyRootfs\":false,\"RestartPolicy\":{\"MaximumRetryCount\":0,\"Name\":\"no\"},\"SecurityOpt\":null,\"ShmSize\":0,\"UTSMode\":\"\",\"Ulimits\":null,\"UsernsMode\":\"\",\"VolumeDriver\":\"\",\"VolumesFrom\":null},\"Hostname\":\"\",\"Image\":\"sha256:002792ac193538382f4aa5b2f696e5669c20e3c972e60d75e6df90d64d4e696e\",\"Labels\":{\"book.experiment\":\"book1102-abb7f011d6\"},\"NetworkingConfig\":{\"EndpointsConfig\":{}},\"OnBuild\":null,\"OpenStdin\":false,\"StdinOnce\":false,\"Tty\":false,\"User\":\"\",\"Volumes\":{},\"WorkingDir\":\"\"}"
time="2026-09-14T19:09:54.481341026Z" level=debug msg="container mounted via layerStore: /home/ubuntu/ai-infra-book-experiments/ch11/11-02/docker-lifecycle/isolated-daemon/full-worker/data/overlay2/fb62e45a7b92ce7a3f035c8a68bd49df46663c0d643da90cb0131a79643f8b9f/merged" container=fe54aab3b4aa43e5b1287c8445cbf593808e5303c5e80142979d7675795b8c62
time="2026-09-14T19:09:54.501810506Z" level=debug msg="Calling HEAD /_ping"
time="2026-09-14T19:09:54.502043129Z" level=debug msg="Calling HEAD /v1.43/containers/fe54aab3b4aa43e5b1287c8445cbf593808e5303c5e80142979d7675795b8c62/archive?path=%2Ftmp%2Fbook-worker.py"
time="2026-09-14T19:09:54.502493194Z" level=debug msg="container mounted via layerStore: /home/ubuntu/ai-infra-book-experiments/ch11/11-02/docker-lifecycle/isolated-daemon/full-worker/data/overlay2/fb62e45a7b92ce7a3f035c8a68bd49df46663c0d643da90cb0131a79643f8b9f/merged" container=fe54aab3b4aa43e5b1287c8445cbf593808e5303c5e80142979d7675795b8c62
time="2026-09-14T19:09:54.507404010Z" level=debug msg="Calling PUT /v1.43/containers/fe54aab3b4aa43e5b1287c8445cbf593808e5303c5e80142979d7675795b8c62/archive?noOverwriteDirNonDir=true&path=%2Ftmp"
time="2026-09-14T19:09:54.507835250Z" level=debug msg="container mounted via layerStore: /home/ubuntu/ai-infra-book-experiments/ch11/11-02/docker-lifecycle/isolated-daemon/full-worker/data/overlay2/fb62e45a7b92ce7a3f035c8a68bd49df46663c0d643da90cb0131a79643f8b9f/merged" container=fe54aab3b4aa43e5b1287c8445cbf593808e5303c5e80142979d7675795b8c62
time="2026-09-14T19:09:54.518900835Z" level=debug msg="Calling HEAD /_ping"
time="2026-09-14T19:09:54.519189281Z" level=debug msg="Calling POST /v1.43/containers/fe54aab3b4aa43e5b1287c8445cbf593808e5303c5e80142979d7675795b8c62/start"
time="2026-09-14T19:09:54.519671929Z" level=debug msg="container mounted via layerStore: /home/ubuntu/ai-infra-book-experiments/ch11/11-02/docker-lifecycle/isolated-daemon/full-worker/data/overlay2/fb62e45a7b92ce7a3f035c8a68bd49df46663c0d643da90cb0131a79643f8b9f/merged" container=fe54aab3b4aa43e5b1287c8445cbf593808e5303c5e80142979d7675795b8c62
time="2026-09-14T19:09:54.543550259Z" level=debug msg="EnableService fe54aab3b4aa43e5b1287c8445cbf593808e5303c5e80142979d7675795b8c62 START"
time="2026-09-14T19:09:54.543570272Z" level=debug msg="EnableService fe54aab3b4aa43e5b1287c8445cbf593808e5303c5e80142979d7675795b8c62 DONE"
time="2026-09-14T19:09:54.546993635Z" level=debug msg="createSpec: cgroupsPath: system.slice:docker:fe54aab3b4aa43e5b1287c8445cbf593808e5303c5e80142979d7675795b8c62"
time="2026-09-14T19:09:54.547345357Z" level=debug msg="bundle dir created" bundle=/run/book1102-worker/containerd/fe54aab3b4aa43e5b1287c8445cbf593808e5303c5e80142979d7675795b8c62 module=libcontainerd namespace=book1102 root=/home/ubuntu/ai-infra-book-experiments/ch11/11-02/docker-lifecycle/isolated-daemon/full-worker/data/overlay2/fb62e45a7b92ce7a3f035c8a68bd49df46663c0d643da90cb0131a79643f8b9f/merged
time="2026-09-14T19:09:54.609406421Z" level=debug msg=event module=libcontainerd namespace=book1102 topic=/tasks/create
time="2026-09-14T19:09:54.614324951Z" level=debug msg=event module=libcontainerd namespace=book1102 topic=/tasks/start
time="2026-09-14T19:09:54.630812829Z" level=debug msg="Calling HEAD /_ping"
time="2026-09-14T19:09:54.631064725Z" level=debug msg="Calling GET /v1.43/containers/fe54aab3b4aa43e5b1287c8445cbf593808e5303c5e80142979d7675795b8c62/json"
time="2026-09-14T19:09:54.641757966Z" level=debug msg="Calling HEAD /_ping"
time="2026-09-14T19:09:54.641994617Z" level=debug msg="Calling GET /v1.43/containers/fe54aab3b4aa43e5b1287c8445cbf593808e5303c5e80142979d7675795b8c62/json"
time="2026-09-14T19:09:54.642839231Z" level=debug msg="Calling POST /v1.43/containers/fe54aab3b4aa43e5b1287c8445cbf593808e5303c5e80142979d7675795b8c62/exec"
time="2026-09-14T19:09:54.642899663Z" level=debug msg="form data: {\"AttachStderr\":true,\"AttachStdin\":true,\"AttachStdout\":true,\"Cmd\":[\"python\",\"-u\",\"-c\",\"import socket,sys,time\\ns=socket.socket(socket.AF_UNIX)\\nfor i in range(100):\\n try:s.connect('/tmp/book-control.sock');break\\n except (FileNotFoundError,ConnectionRefusedError):time.sleep(.02)\\nprint('READY',flush=True)\\nfor line in sys.stdin.buffer:\\n s.sendall(line);data=b''\\n while not data.endswith(b'\\\\n'):\\n  chunk=s.recv(65536)\\n  if not chunk:raise RuntimeError('EOF')\\n  data+=chunk\\n sys.stdout.buffer.write(data);sys.stdout.buffer.flush()\\ns.close()\\n\"],\"Detach\":false,\"DetachKeys\":\"\",\"Env\":null,\"Privileged\":false,\"Tty\":false,\"User\":\"\",\"WorkingDir\":\"\"}"
time="2026-09-14T19:09:54.643097969Z" level=debug msg="Calling POST /v1.43/exec/80ed69d862936bce1b94941f9f4a0b0e842120bc27f2c2360f22c432df6b1506/start"
time="2026-09-14T19:09:54.643121840Z" level=debug msg="form data: {\"Detach\":false,\"Tty\":false}"
time="2026-09-14T19:09:54.643168664Z" level=debug msg="starting exec command 80ed69d862936bce1b94941f9f4a0b0e842120bc27f2c2360f22c432df6b1506 in container fe54aab3b4aa43e5b1287c8445cbf593808e5303c5e80142979d7675795b8c62"
time="2026-09-14T19:09:54.643961791Z" level=debug msg="attach: stdout: begin"
time="2026-09-14T19:09:54.643961748Z" level=debug msg="attach: stderr: begin"
time="2026-09-14T19:09:54.643969150Z" level=debug msg="attach: stdin: begin"
time="2026-09-14T19:09:54.644841069Z" level=debug msg=event module=libcontainerd namespace=book1102 topic=/tasks/exec-added
time="2026-09-14T19:09:54.676335317Z" level=debug msg=event module=libcontainerd namespace=book1102 topic=/tasks/exec-started
time="2026-09-14T19:09:54.697148399Z" level=debug msg="Calling HEAD /_ping"
time="2026-09-14T19:09:54.697466162Z" level=debug msg="Calling POST /v1.43/containers/fe54aab3b4aa43e5b1287c8445cbf593808e5303c5e80142979d7675795b8c62/pause"
time="2026-09-14T19:09:54.713084998Z" level=debug msg=event module=libcontainerd namespace=book1102 topic=/tasks/paused
time="2026-09-14T19:09:54.731059118Z" level=debug msg="Calling HEAD /_ping"
time="2026-09-14T19:09:54.731285712Z" level=debug msg="Calling GET /v1.43/containers/fe54aab3b4aa43e5b1287c8445cbf593808e5303c5e80142979d7675795b8c62/json"
time="2026-09-14T19:09:54.942128439Z" level=debug msg="Calling HEAD /_ping"
time="2026-09-14T19:09:54.942491136Z" level=debug msg="Calling POST /v1.43/containers/fe54aab3b4aa43e5b1287c8445cbf593808e5303c5e80142979d7675795b8c62/unpause"
time="2026-09-14T19:09:54.950272296Z" level=debug msg=event module=libcontainerd namespace=book1102 topic=/tasks/resumed
time="2026-09-14T19:09:55.033290420Z" level=debug msg="Closing buffered stdin pipe"
time="2026-09-14T19:09:55.033333027Z" level=debug msg="attach: stdin: end"
time="2026-09-14T19:09:55.037680237Z" level=debug msg=event module=libcontainerd namespace=book1102 topic=/tasks/exit
time="2026-09-14T19:09:55.037767059Z" level=debug msg="attach: stdout: end"
time="2026-09-14T19:09:55.037768115Z" level=debug msg="attach: stderr: end"
time="2026-09-14T19:09:55.037800137Z" level=debug msg="attach done"
time="2026-09-14T19:09:55.038058712Z" level=debug msg="Calling GET /v1.43/exec/80ed69d862936bce1b94941f9f4a0b0e842120bc27f2c2360f22c432df6b1506/json"
time="2026-09-14T19:09:55.049012059Z" level=debug msg="Calling HEAD /_ping"
time="2026-09-14T19:09:55.049351894Z" level=debug msg="Calling DELETE /v1.43/containers/fe54aab3b4aa43e5b1287c8445cbf593808e5303c5e80142979d7675795b8c62?force=1"
time="2026-09-14T19:09:55.049374362Z" level=debug msg="Sending kill signal 9 to container fe54aab3b4aa43e5b1287c8445cbf593808e5303c5e80142979d7675795b8c62"
time="2026-09-14T19:09:55.069121091Z" level=debug msg=event module=libcontainerd namespace=book1102 topic=/tasks/exit
time="2026-09-14T19:09:55.076003358Z" level=debug msg=event module=libcontainerd namespace=book1102 topic=/tasks/delete
time="2026-09-14T19:09:55.076029683Z" level=info msg="ignoring event" container=fe54aab3b4aa43e5b1287c8445cbf593808e5303c5e80142979d7675795b8c62 module=libcontainerd namespace=book1102 topic=/tasks/delete type="*events.TaskDelete"
time="2026-09-14T19:09:55.144908898Z" level=debug msg="Calling HEAD /_ping"
time="2026-09-14T19:09:55.145514404Z" level=debug msg="Calling POST /v1.43/containers/create?name=book1102-abb7f011d6-t2-filesystem"
time="2026-09-14T19:09:55.145644674Z" level=debug msg="form data: {\"AttachStderr\":true,\"AttachStdin\":false,\"AttachStdout\":true,\"Cmd\":[\"python\",\"-u\",\"/tmp/book-worker.py\"],\"Domainname\":\"\",\"Entrypoint\":null,\"Env\":null,\"HostConfig\":{\"AutoRemove\":false,\"Binds\":null,\"BlkioDeviceReadBps\":[],\"BlkioDeviceReadIOps\":[],\"BlkioDeviceWriteBps\":[],\"BlkioDeviceWriteIOps\":[],\"BlkioWeight\":0,\"BlkioWeightDevice\":[],\"CapAdd\":null,\"CapDrop\":null,\"Cgroup\":\"\",\"CgroupParent\":\"\",\"CgroupnsMode\":\"\",\"ConsoleSize\":[0,0],\"ContainerIDFile\":\"\",\"CpuCount\":0,\"CpuPercent\":0,\"CpuPeriod\":0,\"CpuQuota\":0,\"CpuRealtimePeriod\":0,\"CpuRealtimeRuntime\":0,\"CpuShares\":0,\"CpusetCpus\":\"\",\"CpusetMems\":\"\",\"DeviceCgroupRules\":null,\"DeviceRequests\":null,\"Devices\":[],\"Dns\":[],\"DnsOptions\":[],\"DnsSearch\":[],\"ExtraHosts\":null,\"GroupAdd\":null,\"IOMaximumBandwidth\":0,\"IOMaximumIOps\":0,\"IpcMode\":\"\",\"Isolation\":\"\",\"Links\":null,\"LogConfig\":{\"Config\":{},\"Type\":\"\"},\"MaskedPaths\":null,\"Memory\":268435456,\"MemoryReservation\":0,\"MemorySwap\":268435456,\"MemorySwappiness\":-1,\"NanoCpus\":1000000000,\"NetworkMode\":\"host\",\"OomKillDisable\":false,\"OomScoreAdj\":0,\"PidMode\":\"\",\"PidsLimit\":0,\"PortBindings\":{},\"Privileged\":false,\"PublishAllPorts\":false,\"ReadonlyPaths\":null,\"ReadonlyRootfs\":false,\"RestartPolicy\":{\"MaximumRetryCount\":0,\"Name\":\"no\"},\"SecurityOpt\":null,\"ShmSize\":0,\"UTSMode\":\"\",\"Ulimits\":null,\"UsernsMode\":\"\",\"VolumeDriver\":\"\",\"VolumesFrom\":null},\"Hostname\":\"\",\"Image\":\"sha256:002792ac193538382f4aa5b2f696e5669c20e3c972e60d75e6df90d64d4e696e\",\"Labels\":{\"book.experiment\":\"book1102-abb7f011d6\"},\"NetworkingConfig\":{\"EndpointsConfig\":{}},\"OnBuild\":null,\"OpenStdin\":false,\"StdinOnce\":false,\"Tty\":false,\"User\":\"\",\"Volumes\":{},\"WorkingDir\":\"\"}"
time="2026-09-14T19:09:55.169416791Z" level=debug msg="container mounted via layerStore: /home/ubuntu/ai-infra-book-experiments/ch11/11-02/docker-lifecycle/isolated-daemon/full-worker/data/overlay2/959171edc466fbfe5f03e108d81ae529015d4ca01162093fb84103bf7b3553ed/merged" container=a80478709de9371e2984c8566664bb91a2fccf75980f100799f4a923cf2e9d36
time="2026-09-14T19:09:55.191772666Z" level=debug msg="Calling HEAD /_ping"
time="2026-09-14T19:09:55.192007345Z" level=debug msg="Calling HEAD /v1.43/containers/a80478709de9371e2984c8566664bb91a2fccf75980f100799f4a923cf2e9d36/archive?path=%2Ftmp%2Fbook-worker.py"
time="2026-09-14T19:09:55.192488086Z" level=debug msg="container mounted via layerStore: /home/ubuntu/ai-infra-book-experiments/ch11/11-02/docker-lifecycle/isolated-daemon/full-worker/data/overlay2/959171edc466fbfe5f03e108d81ae529015d4ca01162093fb84103bf7b3553ed/merged" container=a80478709de9371e2984c8566664bb91a2fccf75980f100799f4a923cf2e9d36
time="2026-09-14T19:09:55.197640574Z" level=debug msg="Calling PUT /v1.43/containers/a80478709de9371e2984c8566664bb91a2fccf75980f100799f4a923cf2e9d36/archive?noOverwriteDirNonDir=true&path=%2Ftmp"
time="2026-09-14T19:09:55.198063949Z" level=debug msg="container mounted via layerStore: /home/ubuntu/ai-infra-book-experiments/ch11/11-02/docker-lifecycle/isolated-daemon/full-worker/data/overlay2/959171edc466fbfe5f03e108d81ae529015d4ca01162093fb84103bf7b3553ed/merged" container=a80478709de9371e2984c8566664bb91a2fccf75980f100799f4a923cf2e9d36
time="2026-09-14T19:09:55.215092074Z" level=debug msg="Calling HEAD /_ping"
time="2026-09-14T19:09:55.215370098Z" level=debug msg="Calling POST /v1.43/containers/a80478709de9371e2984c8566664bb91a2fccf75980f100799f4a923cf2e9d36/start"
time="2026-09-14T19:09:55.215863313Z" level=debug msg="container mounted via layerStore: /home/ubuntu/ai-infra-book-experiments/ch11/11-02/docker-lifecycle/isolated-daemon/full-worker/data/overlay2/959171edc466fbfe5f03e108d81ae529015d4ca01162093fb84103bf7b3553ed/merged" container=a80478709de9371e2984c8566664bb91a2fccf75980f100799f4a923cf2e9d36
time="2026-09-14T19:09:55.239283301Z" level=debug msg="EnableService a80478709de9371e2984c8566664bb91a2fccf75980f100799f4a923cf2e9d36 START"
time="2026-09-14T19:09:55.239300659Z" level=debug msg="EnableService a80478709de9371e2984c8566664bb91a2fccf75980f100799f4a923cf2e9d36 DONE"
time="2026-09-14T19:09:55.243115169Z" level=debug msg="createSpec: cgroupsPath: system.slice:docker:a80478709de9371e2984c8566664bb91a2fccf75980f100799f4a923cf2e9d36"
time="2026-09-14T19:09:55.243419654Z" level=debug msg="bundle dir created" bundle=/run/book1102-worker/containerd/a80478709de9371e2984c8566664bb91a2fccf75980f100799f4a923cf2e9d36 module=libcontainerd namespace=book1102 root=/home/ubuntu/ai-infra-book-experiments/ch11/11-02/docker-lifecycle/isolated-daemon/full-worker/data/overlay2/959171edc466fbfe5f03e108d81ae529015d4ca01162093fb84103bf7b3553ed/merged
time="2026-09-14T19:09:55.310783988Z" level=debug msg=event module=libcontainerd namespace=book1102 topic=/tasks/create
time="2026-09-14T19:09:55.316036726Z" level=debug msg=event module=libcontainerd namespace=book1102 topic=/tasks/start
time="2026-09-14T19:09:55.333316137Z" level=debug msg="Calling HEAD /_ping"
time="2026-09-14T19:09:55.333526855Z" level=debug msg="Calling GET /v1.43/containers/a80478709de9371e2984c8566664bb91a2fccf75980f100799f4a923cf2e9d36/json"
time="2026-09-14T19:09:55.344173219Z" level=debug msg="Calling HEAD /_ping"
time="2026-09-14T19:09:55.344411090Z" level=debug msg="Calling GET /v1.43/containers/a80478709de9371e2984c8566664bb91a2fccf75980f100799f4a923cf2e9d36/json"
time="2026-09-14T19:09:55.345251072Z" level=debug msg="Calling POST /v1.43/containers/a80478709de9371e2984c8566664bb91a2fccf75980f100799f4a923cf2e9d36/exec"
time="2026-09-14T19:09:55.345314325Z" level=debug msg="form data: {\"AttachStderr\":true,\"AttachStdin\":true,\"AttachStdout\":true,\"Cmd\":[\"python\",\"-u\",\"-c\",\"import socket,sys,time\\ns=socket.socket(socket.AF_UNIX)\\nfor i in range(100):\\n try:s.connect('/tmp/book-control.sock');break\\n except (FileNotFoundError,ConnectionRefusedError):time.sleep(.02)\\nprint('READY',flush=True)\\nfor line in sys.stdin.buffer:\\n s.sendall(line);data=b''\\n while not data.endswith(b'\\\\n'):\\n  chunk=s.recv(65536)\\n  if not chunk:raise RuntimeError('EOF')\\n  data+=chunk\\n sys.stdout.buffer.write(data);sys.stdout.buffer.flush()\\ns.close()\\n\"],\"Detach\":false,\"DetachKeys\":\"\",\"Env\":null,\"Privileged\":false,\"Tty\":false,\"User\":\"\",\"WorkingDir\":\"\"}"
time="2026-09-14T19:09:55.345554424Z" level=debug msg="Calling POST /v1.43/exec/c3b6fc7f194e87956f2eba1dca4217d760aec984b8f355a44d37984e61fea146/start"
time="2026-09-14T19:09:55.345580409Z" level=debug msg="form data: {\"Detach\":false,\"Tty\":false}"
time="2026-09-14T19:09:55.345625043Z" level=debug msg="starting exec command c3b6fc7f194e87956f2eba1dca4217d760aec984b8f355a44d37984e61fea146 in container a80478709de9371e2984c8566664bb91a2fccf75980f100799f4a923cf2e9d36"
time="2026-09-14T19:09:55.346342520Z" level=debug msg="attach: stdout: begin"
time="2026-09-14T19:09:55.346346064Z" level=debug msg="attach: stderr: begin"
time="2026-09-14T19:09:55.346354615Z" level=debug msg="attach: stdin: begin"
time="2026-09-14T19:09:55.347152457Z" level=debug msg=event module=libcontainerd namespace=book1102 topic=/tasks/exec-added
time="2026-09-14T19:09:55.387594526Z" level=debug msg=event module=libcontainerd namespace=book1102 topic=/tasks/exec-started
time="2026-09-14T19:09:55.431742307Z" level=debug msg="Calling HEAD /_ping"
time="2026-09-14T19:09:55.432090792Z" level=debug msg="Calling POST /v1.43/commit?author=&comment=&container=a80478709de9371e2984c8566664bb91a2fccf75980f100799f4a923cf2e9d36&repo=book1102-abb7f011d6&tag=t2-filesystem"
time="2026-09-14T19:09:55.432149348Z" level=debug msg="form data: null"
time="2026-09-14T19:09:55.437593442Z" level=debug msg=event module=libcontainerd namespace=book1102 topic=/tasks/paused
time="2026-09-14T19:09:55.445075990Z" level=debug msg="Tar with options on /home/ubuntu/ai-infra-book-experiments/ch11/11-02/docker-lifecycle/isolated-daemon/full-worker/data/overlay2/959171edc466fbfe5f03e108d81ae529015d4ca01162093fb84103bf7b3553ed/diff" storage-driver=overlay2
time="2026-09-14T19:09:55.445330164Z" level=error msg="Can't add file /home/ubuntu/ai-infra-book-experiments/ch11/11-02/docker-lifecycle/isolated-daemon/full-worker/data/overlay2/959171edc466fbfe5f03e108d81ae529015d4ca01162093fb84103bf7b3553ed/diff/tmp/book-control.sock to tar: archive/tar: sockets not supported"
time="2026-09-14T19:09:55.454959636Z" level=debug msg="Applying tar in /home/ubuntu/ai-infra-book-experiments/ch11/11-02/docker-lifecycle/isolated-daemon/full-worker/data/overlay2/e6505c2e3924435a9e0d3aea791d8eb161971d81c3c1045285cfbed1ce62e71f/diff" storage-driver=overlay2
time="2026-09-14T19:09:55.463878159Z" level=debug msg="Applied tar sha256:535882c0b24a9ee59d2792a829980e1f1c7c8441e754869b922b84888de99b36 to e6505c2e3924435a9e0d3aea791d8eb161971d81c3c1045285cfbed1ce62e71f, size: 866667"
time="2026-09-14T19:09:55.499437335Z" level=debug msg=event module=libcontainerd namespace=book1102 topic=/tasks/resumed
time="2026-09-14T19:09:55.516132513Z" level=debug msg="Calling HEAD /_ping"
time="2026-09-14T19:09:55.516676506Z" level=debug msg="Calling POST /v1.43/containers/create?name=book1102-abb7f011d6-t2-filesystem-new"
time="2026-09-14T19:09:55.516794522Z" level=debug msg="form data: {\"AttachStderr\":true,\"AttachStdin\":false,\"AttachStdout\":true,\"Cmd\":[\"python\",\"-u\",\"/tmp/book-worker.py\"],\"Domainname\":\"\",\"Entrypoint\":null,\"Env\":null,\"HostConfig\":{\"AutoRemove\":false,\"Binds\":null,\"BlkioDeviceReadBps\":[],\"BlkioDeviceReadIOps\":[],\"BlkioDeviceWriteBps\":[],\"BlkioDeviceWriteIOps\":[],\"BlkioWeight\":0,\"BlkioWeightDevice\":[],\"CapAdd\":null,\"CapDrop\":null,\"Cgroup\":\"\",\"CgroupParent\":\"\",\"CgroupnsMode\":\"\",\"ConsoleSize\":[0,0],\"ContainerIDFile\":\"\",\"CpuCount\":0,\"CpuPercent\":0,\"CpuPeriod\":0,\"CpuQuota\":0,\"CpuRealtimePeriod\":0,\"CpuRealtimeRuntime\":0,\"CpuShares\":0,\"CpusetCpus\":\"\",\"CpusetMems\":\"\",\"DeviceCgroupRules\":null,\"DeviceRequests\":null,\"Devices\":[],\"Dns\":[],\"DnsOptions\":[],\"DnsSearch\":[],\"ExtraHosts\":null,\"GroupAdd\":null,\"IOMaximumBandwidth\":0,\"IOMaximumIOps\":0,\"IpcMode\":\"\",\"Isolation\":\"\",\"Links\":null,\"LogConfig\":{\"Config\":{},\"Type\":\"\"},\"MaskedPaths\":null,\"Memory\":268435456,\"MemoryReservation\":0,\"MemorySwap\":268435456,\"MemorySwappiness\":-1,\"NanoCpus\":1000000000,\"NetworkMode\":\"host\",\"OomKillDisable\":false,\"OomScoreAdj\":0,\"PidMode\":\"\",\"PidsLimit\":0,\"PortBindings\":{},\"Privileged\":false,\"PublishAllPorts\":false,\"ReadonlyPaths\":null,\"ReadonlyRootfs\":false,\"RestartPolicy\":{\"MaximumRetryCount\":0,\"Name\":\"no\"},\"SecurityOpt\":null,\"ShmSize\":0,\"UTSMode\":\"\",\"Ulimits\":null,\"UsernsMode\":\"\",\"VolumeDriver\":\"\",\"VolumesFrom\":null},\"Hostname\":\"\",\"Image\":\"book1102-abb7f011d6:t2-filesystem\",\"Labels\":{\"book.experiment\":\"book1102-abb7f011d6\"},\"NetworkingConfig\":{\"EndpointsConfig\":{}},\"OnBuild\":null,\"OpenStdin\":false,\"StdinOnce\":false,\"Tty\":false,\"User\":\"\",\"Volumes\":{},\"WorkingDir\":\"\"}"
time="2026-09-14T19:09:55.546607470Z" level=debug msg="container mounted via layerStore: /home/ubuntu/ai-infra-book-experiments/ch11/11-02/docker-lifecycle/isolated-daemon/full-worker/data/overlay2/2b3d256486000fc2ed7fdf5dc12bf94d1b159a31533f1934ed4296915207ccf4/merged" container=55bec4caa9336da5f9f8326a0d82049907bd5deabc18bf03a3bf122946453bb9
time="2026-09-14T19:09:55.569888647Z" level=debug msg="Calling HEAD /_ping"
time="2026-09-14T19:09:55.570126271Z" level=debug msg="Calling HEAD /v1.43/containers/55bec4caa9336da5f9f8326a0d82049907bd5deabc18bf03a3bf122946453bb9/archive?path=%2Ftmp%2Fbook-worker.py"
time="2026-09-14T19:09:55.570620860Z" level=debug msg="container mounted via layerStore: /home/ubuntu/ai-infra-book-experiments/ch11/11-02/docker-lifecycle/isolated-daemon/full-worker/data/overlay2/2b3d256486000fc2ed7fdf5dc12bf94d1b159a31533f1934ed4296915207ccf4/merged" container=55bec4caa9336da5f9f8326a0d82049907bd5deabc18bf03a3bf122946453bb9
time="2026-09-14T19:09:55.575726923Z" level=debug msg="Calling PUT /v1.43/containers/55bec4caa9336da5f9f8326a0d82049907bd5deabc18bf03a3bf122946453bb9/archive?noOverwriteDirNonDir=true&path=%2Ftmp"
time="2026-09-14T19:09:55.576167284Z" level=debug msg="container mounted via layerStore: /home/ubuntu/ai-infra-book-experiments/ch11/11-02/docker-lifecycle/isolated-daemon/full-worker/data/overlay2/2b3d256486000fc2ed7fdf5dc12bf94d1b159a31533f1934ed4296915207ccf4/merged" container=55bec4caa9336da5f9f8326a0d82049907bd5deabc18bf03a3bf122946453bb9
time="2026-09-14T19:09:55.594049300Z" level=debug msg="Calling HEAD /_ping"
time="2026-09-14T19:09:55.594328603Z" level=debug msg="Calling POST /v1.43/containers/55bec4caa9336da5f9f8326a0d82049907bd5deabc18bf03a3bf122946453bb9/start"
time="2026-09-14T19:09:55.594844820Z" level=debug msg="container mounted via layerStore: /home/ubuntu/ai-infra-book-experiments/ch11/11-02/docker-lifecycle/isolated-daemon/full-worker/data/overlay2/2b3d256486000fc2ed7fdf5dc12bf94d1b159a31533f1934ed4296915207ccf4/merged" container=55bec4caa9336da5f9f8326a0d82049907bd5deabc18bf03a3bf122946453bb9
time="2026-09-14T19:09:55.619556356Z" level=debug msg="EnableService 55bec4caa9336da5f9f8326a0d82049907bd5deabc18bf03a3bf122946453bb9 START"
time="2026-09-14T19:09:55.619573661Z" level=debug msg="EnableService 55bec4caa9336da5f9f8326a0d82049907bd5deabc18bf03a3bf122946453bb9 DONE"
time="2026-09-14T19:09:55.623162473Z" level=debug msg="createSpec: cgroupsPath: system.slice:docker:55bec4caa9336da5f9f8326a0d82049907bd5deabc18bf03a3bf122946453bb9"
time="2026-09-14T19:09:55.623468024Z" level=debug msg="bundle dir created" bundle=/run/book1102-worker/containerd/55bec4caa9336da5f9f8326a0d82049907bd5deabc18bf03a3bf122946453bb9 module=libcontainerd namespace=book1102 root=/home/ubuntu/ai-infra-book-experiments/ch11/11-02/docker-lifecycle/isolated-daemon/full-worker/data/overlay2/2b3d256486000fc2ed7fdf5dc12bf94d1b159a31533f1934ed4296915207ccf4/merged
time="2026-09-14T19:09:55.693273555Z" level=debug msg=event module=libcontainerd namespace=book1102 topic=/tasks/create
time="2026-09-14T19:09:55.698340735Z" level=debug msg=event module=libcontainerd namespace=book1102 topic=/tasks/start
time="2026-09-14T19:09:55.715641392Z" level=debug msg="Calling HEAD /_ping"
time="2026-09-14T19:09:55.715886380Z" level=debug msg="Calling GET /v1.43/containers/55bec4caa9336da5f9f8326a0d82049907bd5deabc18bf03a3bf122946453bb9/json"
time="2026-09-14T19:09:55.724426714Z" level=debug msg="Calling HEAD /_ping"
time="2026-09-14T19:09:55.724670770Z" level=debug msg="Calling GET /v1.43/containers/55bec4caa9336da5f9f8326a0d82049907bd5deabc18bf03a3bf122946453bb9/json"
time="2026-09-14T19:09:55.725582530Z" level=debug msg="Calling POST /v1.43/containers/55bec4caa9336da5f9f8326a0d82049907bd5deabc18bf03a3bf122946453bb9/exec"
time="2026-09-14T19:09:55.725639936Z" level=debug msg="form data: {\"AttachStderr\":true,\"AttachStdin\":true,\"AttachStdout\":true,\"Cmd\":[\"python\",\"-u\",\"-c\",\"import socket,sys,time\\ns=socket.socket(socket.AF_UNIX)\\nfor i in range(100):\\n try:s.connect('/tmp/book-control.sock');break\\n except (FileNotFoundError,ConnectionRefusedError):time.sleep(.02)\\nprint('READY',flush=True)\\nfor line in sys.stdin.buffer:\\n s.sendall(line);data=b''\\n while not data.endswith(b'\\\\n'):\\n  chunk=s.recv(65536)\\n  if not chunk:raise RuntimeError('EOF')\\n  data+=chunk\\n sys.stdout.buffer.write(data);sys.stdout.buffer.flush()\\ns.close()\\n\"],\"Detach\":false,\"DetachKeys\":\"\",\"Env\":null,\"Privileged\":false,\"Tty\":false,\"User\":\"\",\"WorkingDir\":\"\"}"
time="2026-09-14T19:09:55.725849101Z" level=debug msg="Calling POST /v1.43/exec/da14c68b664f3434094f4650dca6deae803c1c6c2b0b7a8d240fd03ec351c124/start"
time="2026-09-14T19:09:55.725875421Z" level=debug msg="form data: {\"Detach\":false,\"Tty\":false}"
time="2026-09-14T19:09:55.725920023Z" level=debug msg="starting exec command da14c68b664f3434094f4650dca6deae803c1c6c2b0b7a8d240fd03ec351c124 in container 55bec4caa9336da5f9f8326a0d82049907bd5deabc18bf03a3bf122946453bb9"
time="2026-09-14T19:09:55.726620485Z" level=debug msg="attach: stdin: begin"
time="2026-09-14T19:09:55.726641456Z" level=debug msg="attach: stdout: begin"
time="2026-09-14T19:09:55.726653884Z" level=debug msg="attach: stderr: begin"
time="2026-09-14T19:09:55.727422307Z" level=debug msg=event module=libcontainerd namespace=book1102 topic=/tasks/exec-added
time="2026-09-14T19:09:55.767375507Z" level=debug msg=event module=libcontainerd namespace=book1102 topic=/tasks/exec-started
time="2026-09-14T19:09:55.781113649Z" level=debug msg="Closing buffered stdin pipe"
time="2026-09-14T19:09:55.781158273Z" level=debug msg="attach: stdin: end"
time="2026-09-14T19:09:55.785050214Z" level=debug msg=event module=libcontainerd namespace=book1102 topic=/tasks/exit
time="2026-09-14T19:09:55.785132997Z" level=debug msg="attach: stdout: end"
time="2026-09-14T19:09:55.785142930Z" level=debug msg="attach: stderr: end"
time="2026-09-14T19:09:55.785171417Z" level=debug msg="attach done"
time="2026-09-14T19:09:55.785413657Z" level=debug msg="Calling GET /v1.43/exec/da14c68b664f3434094f4650dca6deae803c1c6c2b0b7a8d240fd03ec351c124/json"
time="2026-09-14T19:09:55.788765064Z" level=debug msg="Closing buffered stdin pipe"
time="2026-09-14T19:09:55.788813838Z" level=debug msg="attach: stdin: end"
time="2026-09-14T19:09:55.793270552Z" level=debug msg=event module=libcontainerd namespace=book1102 topic=/tasks/exit
time="2026-09-14T19:09:55.793405770Z" level=debug msg="attach: stdout: end"
time="2026-09-14T19:09:55.793412224Z" level=debug msg="attach: stderr: end"
time="2026-09-14T19:09:55.793445332Z" level=debug msg="attach done"
time="2026-09-14T19:09:55.793631275Z" level=debug msg="Calling GET /v1.43/exec/c3b6fc7f194e87956f2eba1dca4217d760aec984b8f355a44d37984e61fea146/json"
time="2026-09-14T19:09:55.805000292Z" level=debug msg="Calling HEAD /_ping"
time="2026-09-14T19:09:55.805358859Z" level=debug msg="Calling DELETE /v1.43/containers/a80478709de9371e2984c8566664bb91a2fccf75980f100799f4a923cf2e9d36?force=1"
time="2026-09-14T19:09:55.805385054Z" level=debug msg="Sending kill signal 9 to container a80478709de9371e2984c8566664bb91a2fccf75980f100799f4a923cf2e9d36"
time="2026-09-14T19:09:55.819196618Z" level=debug msg=event module=libcontainerd namespace=book1102 topic=/tasks/exit
time="2026-09-14T19:09:55.826177059Z" level=debug msg=event module=libcontainerd namespace=book1102 topic=/tasks/delete
time="2026-09-14T19:09:55.826205800Z" level=info msg="ignoring event" container=a80478709de9371e2984c8566664bb91a2fccf75980f100799f4a923cf2e9d36 module=libcontainerd namespace=book1102 topic=/tasks/delete type="*events.TaskDelete"
time="2026-09-14T19:09:55.914400043Z" level=debug msg="Calling HEAD /_ping"
time="2026-09-14T19:09:55.914714324Z" level=debug msg="Calling DELETE /v1.43/containers/55bec4caa9336da5f9f8326a0d82049907bd5deabc18bf03a3bf122946453bb9?force=1"
time="2026-09-14T19:09:55.914739156Z" level=debug msg="Sending kill signal 9 to container 55bec4caa9336da5f9f8326a0d82049907bd5deabc18bf03a3bf122946453bb9"
time="2026-09-14T19:09:55.929090853Z" level=debug msg=event module=libcontainerd namespace=book1102 topic=/tasks/exit
time="2026-09-14T19:09:55.935916318Z" level=debug msg=event module=libcontainerd namespace=book1102 topic=/tasks/delete
time="2026-09-14T19:09:55.935937782Z" level=info msg="ignoring event" container=55bec4caa9336da5f9f8326a0d82049907bd5deabc18bf03a3bf122946453bb9 module=libcontainerd namespace=book1102 topic=/tasks/delete type="*events.TaskDelete"
time="2026-09-14T19:09:56.003073918Z" level=debug msg="Calling HEAD /_ping"
time="2026-09-14T19:09:56.003618506Z" level=debug msg="Calling POST /v1.43/containers/create?name=book1102-abb7f011d6-t2-checkpoint"
time="2026-09-14T19:09:56.003748096Z" level=debug msg="form data: {\"AttachStderr\":true,\"AttachStdin\":false,\"AttachStdout\":true,\"Cmd\":[\"python\",\"-u\",\"/tmp/book-worker.py\"],\"Domainname\":\"\",\"Entrypoint\":null,\"Env\":null,\"HostConfig\":{\"AutoRemove\":false,\"Binds\":null,\"BlkioDeviceReadBps\":[],\"BlkioDeviceReadIOps\":[],\"BlkioDeviceWriteBps\":[],\"BlkioDeviceWriteIOps\":[],\"BlkioWeight\":0,\"BlkioWeightDevice\":[],\"CapAdd\":null,\"CapDrop\":null,\"Cgroup\":\"\",\"CgroupParent\":\"\",\"CgroupnsMode\":\"\",\"ConsoleSize\":[0,0],\"ContainerIDFile\":\"\",\"CpuCount\":0,\"CpuPercent\":0,\"CpuPeriod\":0,\"CpuQuota\":0,\"CpuRealtimePeriod\":0,\"CpuRealtimeRuntime\":0,\"CpuShares\":0,\"CpusetCpus\":\"\",\"CpusetMems\":\"\",\"DeviceCgroupRules\":null,\"DeviceRequests\":null,\"Devices\":[],\"Dns\":[],\"DnsOptions\":[],\"DnsSearch\":[],\"ExtraHosts\":null,\"GroupAdd\":null,\"IOMaximumBandwidth\":0,\"IOMaximumIOps\":0,\"IpcMode\":\"\",\"Isolation\":\"\",\"Links\":null,\"LogConfig\":{\"Config\":{},\"Type\":\"\"},\"MaskedPaths\":null,\"Memory\":268435456,\"MemoryReservation\":0,\"MemorySwap\":268435456,\"MemorySwappiness\":-1,\"NanoCpus\":1000000000,\"NetworkMode\":\"host\",\"OomKillDisable\":false,\"OomScoreAdj\":0,\"PidMode\":\"\",\"PidsLimit\":0,\"PortBindings\":{},\"Privileged\":false,\"PublishAllPorts\":false,\"ReadonlyPaths\":null,\"ReadonlyRootfs\":false,\"RestartPolicy\":{\"MaximumRetryCount\":0,\"Name\":\"no\"},\"SecurityOpt\":null,\"ShmSize\":0,\"UTSMode\":\"\",\"Ulimits\":null,\"UsernsMode\":\"\",\"VolumeDriver\":\"\",\"VolumesFrom\":null},\"Hostname\":\"\",\"Image\":\"sha256:002792ac193538382f4aa5b2f696e5669c20e3c972e60d75e6df90d64d4e696e\",\"Labels\":{\"book.experiment\":\"book1102-abb7f011d6\"},\"NetworkingConfig\":{\"EndpointsConfig\":{}},\"OnBuild\":null,\"OpenStdin\":false,\"StdinOnce\":false,\"Tty\":false,\"User\":\"\",\"Volumes\":{},\"WorkingDir\":\"\"}"
time="2026-09-14T19:09:56.027178511Z" level=debug msg="container mounted via layerStore: /home/ubuntu/ai-infra-book-experiments/ch11/11-02/docker-lifecycle/isolated-daemon/full-worker/data/overlay2/7790f60e582c245ee6311db7935e930c2002df4e2bdae2d63032e3972feb5965/merged" container=7c9f7ae2c55721cc8a89c67298ebee7048286e791e8619dd61dfcc2617760b4c
time="2026-09-14T19:09:56.050623692Z" level=debug msg="Calling HEAD /_ping"
time="2026-09-14T19:09:56.050855108Z" level=debug msg="Calling HEAD /v1.43/containers/7c9f7ae2c55721cc8a89c67298ebee7048286e791e8619dd61dfcc2617760b4c/archive?path=%2Ftmp%2Fbook-worker.py"
time="2026-09-14T19:09:56.051343119Z" level=debug msg="container mounted via layerStore: /home/ubuntu/ai-infra-book-experiments/ch11/11-02/docker-lifecycle/isolated-daemon/full-worker/data/overlay2/7790f60e582c245ee6311db7935e930c2002df4e2bdae2d63032e3972feb5965/merged" container=7c9f7ae2c55721cc8a89c67298ebee7048286e791e8619dd61dfcc2617760b4c
time="2026-09-14T19:09:56.059627101Z" level=debug msg="Calling PUT /v1.43/containers/7c9f7ae2c55721cc8a89c67298ebee7048286e791e8619dd61dfcc2617760b4c/archive?noOverwriteDirNonDir=true&path=%2Ftmp"
time="2026-09-14T19:09:56.060030246Z" level=debug msg="container mounted via layerStore: /home/ubuntu/ai-infra-book-experiments/ch11/11-02/docker-lifecycle/isolated-daemon/full-worker/data/overlay2/7790f60e582c245ee6311db7935e930c2002df4e2bdae2d63032e3972feb5965/merged" container=7c9f7ae2c55721cc8a89c67298ebee7048286e791e8619dd61dfcc2617760b4c
time="2026-09-14T19:09:56.077796763Z" level=debug msg="Calling HEAD /_ping"
time="2026-09-14T19:09:56.078084229Z" level=debug msg="Calling POST /v1.43/containers/7c9f7ae2c55721cc8a89c67298ebee7048286e791e8619dd61dfcc2617760b4c/start"
time="2026-09-14T19:09:56.078587737Z" level=debug msg="container mounted via layerStore: /home/ubuntu/ai-infra-book-experiments/ch11/11-02/docker-lifecycle/isolated-daemon/full-worker/data/overlay2/7790f60e582c245ee6311db7935e930c2002df4e2bdae2d63032e3972feb5965/merged" container=7c9f7ae2c55721cc8a89c67298ebee7048286e791e8619dd61dfcc2617760b4c
time="2026-09-14T19:09:56.102554319Z" level=debug msg="EnableService 7c9f7ae2c55721cc8a89c67298ebee7048286e791e8619dd61dfcc2617760b4c START"
time="2026-09-14T19:09:56.102580239Z" level=debug msg="EnableService 7c9f7ae2c55721cc8a89c67298ebee7048286e791e8619dd61dfcc2617760b4c DONE"
time="2026-09-14T19:09:56.106799921Z" level=debug msg="createSpec: cgroupsPath: system.slice:docker:7c9f7ae2c55721cc8a89c67298ebee7048286e791e8619dd61dfcc2617760b4c"
time="2026-09-14T19:09:56.107097379Z" level=debug msg="bundle dir created" bundle=/run/book1102-worker/containerd/7c9f7ae2c55721cc8a89c67298ebee7048286e791e8619dd61dfcc2617760b4c module=libcontainerd namespace=book1102 root=/home/ubuntu/ai-infra-book-experiments/ch11/11-02/docker-lifecycle/isolated-daemon/full-worker/data/overlay2/7790f60e582c245ee6311db7935e930c2002df4e2bdae2d63032e3972feb5965/merged
time="2026-09-14T19:09:56.170642503Z" level=debug msg=event module=libcontainerd namespace=book1102 topic=/tasks/create
time="2026-09-14T19:09:56.175703078Z" level=debug msg=event module=libcontainerd namespace=book1102 topic=/tasks/start
time="2026-09-14T19:09:56.191854154Z" level=debug msg="Calling HEAD /_ping"
time="2026-09-14T19:09:56.192088805Z" level=debug msg="Calling GET /v1.43/containers/7c9f7ae2c55721cc8a89c67298ebee7048286e791e8619dd61dfcc2617760b4c/json"
time="2026-09-14T19:09:56.202581224Z" level=debug msg="Calling HEAD /_ping"
time="2026-09-14T19:09:56.202817298Z" level=debug msg="Calling GET /v1.43/containers/7c9f7ae2c55721cc8a89c67298ebee7048286e791e8619dd61dfcc2617760b4c/json"
time="2026-09-14T19:09:56.203657075Z" level=debug msg="Calling POST /v1.43/containers/7c9f7ae2c55721cc8a89c67298ebee7048286e791e8619dd61dfcc2617760b4c/exec"
time="2026-09-14T19:09:56.203716164Z" level=debug msg="form data: {\"AttachStderr\":true,\"AttachStdin\":true,\"AttachStdout\":true,\"Cmd\":[\"python\",\"-u\",\"-c\",\"import socket,sys,time\\ns=socket.socket(socket.AF_UNIX)\\nfor i in range(100):\\n try:s.connect('/tmp/book-control.sock');break\\n except (FileNotFoundError,ConnectionRefusedError):time.sleep(.02)\\nprint('READY',flush=True)\\nfor line in sys.stdin.buffer:\\n s.sendall(line);data=b''\\n while not data.endswith(b'\\\\n'):\\n  chunk=s.recv(65536)\\n  if not chunk:raise RuntimeError('EOF')\\n  data+=chunk\\n sys.stdout.buffer.write(data);sys.stdout.buffer.flush()\\ns.close()\\n\"],\"Detach\":false,\"DetachKeys\":\"\",\"Env\":null,\"Privileged\":false,\"Tty\":false,\"User\":\"\",\"WorkingDir\":\"\"}"
time="2026-09-14T19:09:56.203915726Z" level=debug msg="Calling POST /v1.43/exec/d88656ccf017ccda09529e09a37b4206820e95b6e270751df0c012961d86ea20/start"
time="2026-09-14T19:09:56.203953169Z" level=debug msg="form data: {\"Detach\":false,\"Tty\":false}"
time="2026-09-14T19:09:56.204002131Z" level=debug msg="starting exec command d88656ccf017ccda09529e09a37b4206820e95b6e270751df0c012961d86ea20 in container 7c9f7ae2c55721cc8a89c67298ebee7048286e791e8619dd61dfcc2617760b4c"
time="2026-09-14T19:09:56.204745664Z" level=debug msg="attach: stdin: begin"
time="2026-09-14T19:09:56.204757641Z" level=debug msg="attach: stdout: begin"
time="2026-09-14T19:09:56.204764943Z" level=debug msg="attach: stderr: begin"
time="2026-09-14T19:09:56.205537296Z" level=debug msg=event module=libcontainerd namespace=book1102 topic=/tasks/exec-added
time="2026-09-14T19:09:56.235942179Z" level=debug msg=event module=libcontainerd namespace=book1102 topic=/tasks/exec-started
time="2026-09-14T19:09:56.302440255Z" level=debug msg="Calling HEAD /_ping"
time="2026-09-14T19:09:56.302692062Z" level=debug msg="Calling POST /v1.43/containers/7c9f7ae2c55721cc8a89c67298ebee7048286e791e8619dd61dfcc2617760b4c/checkpoints"
time="2026-09-14T19:09:56.302742090Z" level=debug msg="form data: {\"CheckpointDir\":\"/home/ubuntu/ai-infra-book-experiments/ch11/11-02/docker-lifecycle/isolated-daemon/full-worker/results/t2-checkpoint/live\",\"CheckpointID\":\"snap\",\"Exit\":false}"
time="2026-09-14T19:09:56.316610617Z" level=debug msg=event module=libcontainerd namespace=book1102 topic=/tasks/paused
time="2026-09-14T19:09:56.391913067Z" level=debug msg=event module=libcontainerd namespace=book1102 topic=/tasks/resumed
time="2026-09-14T19:09:56.397455017Z" level=debug msg="FIXME: Got an API for which error does not match any expected type!!!: Cannot checkpoint container 7c9f7ae2c55721cc8a89c67298ebee7048286e791e8619dd61dfcc2617760b4c: runc did not terminate successfully: exit status 1: criu failed: type NOTIFY errno 0 path= /run/book1102-worker-ctd/io.containerd.runtime.v2.task/book1102/7c9f7ae2c55721cc8a89c67298ebee7048286e791e8619dd61dfcc2617760b4c/criu-dump.log: unknown" error_type="*errors.errorString" module=api
time="2026-09-14T19:09:56.397475035Z" level=error msg="Handler for POST /v1.43/containers/7c9f7ae2c55721cc8a89c67298ebee7048286e791e8619dd61dfcc2617760b4c/checkpoints returned error: Cannot checkpoint container 7c9f7ae2c55721cc8a89c67298ebee7048286e791e8619dd61dfcc2617760b4c: runc did not terminate successfully: exit status 1: criu failed: type NOTIFY errno 0 path= /run/book1102-worker-ctd/io.containerd.runtime.v2.task/book1102/7c9f7ae2c55721cc8a89c67298ebee7048286e791e8619dd61dfcc2617760b4c/criu-dump.log: unknown"
time="2026-09-14T19:09:56.397489539Z" level=debug msg="FIXME: Got an API for which error does not match any expected type!!!: Cannot checkpoint container 7c9f7ae2c55721cc8a89c67298ebee7048286e791e8619dd61dfcc2617760b4c: runc did not terminate successfully: exit status 1: criu failed: type NOTIFY errno 0 path= /run/book1102-worker-ctd/io.containerd.runtime.v2.task/book1102/7c9f7ae2c55721cc8a89c67298ebee7048286e791e8619dd61dfcc2617760b4c/criu-dump.log: unknown" error_type="*errors.errorString" module=api
time="2026-09-14T19:09:56.399622124Z" level=debug msg="Closing buffered stdin pipe"
time="2026-09-14T19:09:56.399654146Z" level=debug msg="attach: stdin: end"
time="2026-09-14T19:09:56.404350475Z" level=debug msg=event module=libcontainerd namespace=book1102 topic=/tasks/exit
time="2026-09-14T19:09:56.404426222Z" level=debug msg="attach: stdout: end"
time="2026-09-14T19:09:56.404429063Z" level=debug msg="attach: stderr: end"
time="2026-09-14T19:09:56.404447785Z" level=debug msg="attach done"
time="2026-09-14T19:09:56.404723892Z" level=debug msg="Calling GET /v1.43/exec/d88656ccf017ccda09529e09a37b4206820e95b6e270751df0c012961d86ea20/json"
time="2026-09-14T19:09:56.616139598Z" level=debug msg="Calling HEAD /_ping"
time="2026-09-14T19:09:56.616465150Z" level=debug msg="Calling POST /v1.43/commit?author=&comment=&container=7c9f7ae2c55721cc8a89c67298ebee7048286e791e8619dd61dfcc2617760b4c&repo=book1102-abb7f011d6&tag=t2-checkpoint"
time="2026-09-14T19:09:56.616495249Z" level=debug msg="form data: null"
time="2026-09-14T19:09:56.632157014Z" level=debug msg=event module=libcontainerd namespace=book1102 topic=/tasks/paused
time="2026-09-14T19:09:56.639144082Z" level=debug msg="Tar with options on /home/ubuntu/ai-infra-book-experiments/ch11/11-02/docker-lifecycle/isolated-daemon/full-worker/data/overlay2/7790f60e582c245ee6311db7935e930c2002df4e2bdae2d63032e3972feb5965/diff" storage-driver=overlay2
time="2026-09-14T19:09:56.639318380Z" level=error msg="Can't add file /home/ubuntu/ai-infra-book-experiments/ch11/11-02/docker-lifecycle/isolated-daemon/full-worker/data/overlay2/7790f60e582c245ee6311db7935e930c2002df4e2bdae2d63032e3972feb5965/diff/tmp/book-control.sock to tar: archive/tar: sockets not supported"
time="2026-09-14T19:09:56.649112376Z" level=debug msg="Applying tar in /home/ubuntu/ai-infra-book-experiments/ch11/11-02/docker-lifecycle/isolated-daemon/full-worker/data/overlay2/aa470a40d0e700312ac019068d77164071fdaaa1b46785a13a6d50ce80304765/diff" storage-driver=overlay2
time="2026-09-14T19:09:56.658041764Z" level=debug msg="Applied tar sha256:a6816a58949a79f92e81d91e9ec92dc7c8d3575724c6629f60d2a4250495d53e to aa470a40d0e700312ac019068d77164071fdaaa1b46785a13a6d50ce80304765, size: 866667"
time="2026-09-14T19:09:56.695414316Z" level=debug msg=event module=libcontainerd namespace=book1102 topic=/tasks/resumed
time="2026-09-14T19:09:56.711583267Z" level=debug msg="Calling HEAD /_ping"
time="2026-09-14T19:09:56.711834424Z" level=debug msg="Calling POST /v1.43/containers/7c9f7ae2c55721cc8a89c67298ebee7048286e791e8619dd61dfcc2617760b4c/checkpoints"
time="2026-09-14T19:09:56.711876282Z" level=debug msg="form data: {\"CheckpointDir\":\"/home/ubuntu/ai-infra-book-experiments/ch11/11-02/docker-lifecycle/isolated-daemon/full-worker/results/t2-checkpoint/disconnected\",\"CheckpointID\":\"snap\",\"Exit\":false}"
time="2026-09-14T19:09:56.734586799Z" level=debug msg=event module=libcontainerd namespace=book1102 topic=/tasks/paused
time="2026-09-14T19:09:56.884900089Z" level=debug msg=event module=libcontainerd namespace=book1102 topic=/tasks/resumed
time="2026-09-14T19:09:56.976931665Z" level=debug msg="Calling HEAD /_ping"
time="2026-09-14T19:09:56.977614765Z" level=debug msg="Calling POST /v1.43/containers/create?name=book1102-abb7f011d6-t2-checkpoint-clone0"
time="2026-09-14T19:09:56.977743350Z" level=debug msg="form data: {\"AttachStderr\":true,\"AttachStdin\":false,\"AttachStdout\":true,\"Cmd\":[\"python\",\"-u\",\"/tmp/book-worker.py\"],\"Domainname\":\"\",\"Entrypoint\":null,\"Env\":null,\"HostConfig\":{\"AutoRemove\":false,\"Binds\":null,\"BlkioDeviceReadBps\":[],\"BlkioDeviceReadIOps\":[],\"BlkioDeviceWriteBps\":[],\"BlkioDeviceWriteIOps\":[],\"BlkioWeight\":0,\"BlkioWeightDevice\":[],\"CapAdd\":null,\"CapDrop\":null,\"Cgroup\":\"\",\"CgroupParent\":\"\",\"CgroupnsMode\":\"\",\"ConsoleSize\":[0,0],\"ContainerIDFile\":\"\",\"CpuCount\":0,\"CpuPercent\":0,\"CpuPeriod\":0,\"CpuQuota\":0,\"CpuRealtimePeriod\":0,\"CpuRealtimeRuntime\":0,\"CpuShares\":0,\"CpusetCpus\":\"\",\"CpusetMems\":\"\",\"DeviceCgroupRules\":null,\"DeviceRequests\":null,\"Devices\":[],\"Dns\":[],\"DnsOptions\":[],\"DnsSearch\":[],\"ExtraHosts\":null,\"GroupAdd\":null,\"IOMaximumBandwidth\":0,\"IOMaximumIOps\":0,\"IpcMode\":\"\",\"Isolation\":\"\",\"Links\":null,\"LogConfig\":{\"Config\":{},\"Type\":\"\"},\"MaskedPaths\":null,\"Memory\":268435456,\"MemoryReservation\":0,\"MemorySwap\":268435456,\"MemorySwappiness\":-1,\"NanoCpus\":1000000000,\"NetworkMode\":\"host\",\"OomKillDisable\":false,\"OomScoreAdj\":0,\"PidMode\":\"\",\"PidsLimit\":0,\"PortBindings\":{},\"Privileged\":false,\"PublishAllPorts\":false,\"ReadonlyPaths\":null,\"ReadonlyRootfs\":false,\"RestartPolicy\":{\"MaximumRetryCount\":0,\"Name\":\"no\"},\"SecurityOpt\":null,\"ShmSize\":0,\"UTSMode\":\"\",\"Ulimits\":null,\"UsernsMode\":\"\",\"VolumeDriver\":\"\",\"VolumesFrom\":null},\"Hostname\":\"\",\"Image\":\"book1102-abb7f011d6:t2-checkpoint\",\"Labels\":{\"book.experiment\":\"book1102-abb7f011d6\"},\"NetworkingConfig\":{\"EndpointsConfig\":{}},\"OnBuild\":null,\"OpenStdin\":false,\"StdinOnce\":false,\"Tty\":false,\"User\":\"\",\"Volumes\":{},\"WorkingDir\":\"\"}"
time="2026-09-14T19:09:57.018294891Z" level=debug msg="container mounted via layerStore: /home/ubuntu/ai-infra-book-experiments/ch11/11-02/docker-lifecycle/isolated-daemon/full-worker/data/overlay2/79a3a057bc7d70f32590980063b950e4d277da30c489743e1592e2ad6c250560/merged" container=74dec9e6e45226b81507e897e6fda7c65c0d42cd32ee2cfdc483924856946e5a
time="2026-09-14T19:09:57.042153050Z" level=debug msg="Calling HEAD /_ping"
time="2026-09-14T19:09:57.042400682Z" level=debug msg="Calling HEAD /v1.43/containers/74dec9e6e45226b81507e897e6fda7c65c0d42cd32ee2cfdc483924856946e5a/archive?path=%2Ftmp%2Fbook-worker.py"
time="2026-09-14T19:09:57.042920570Z" level=debug msg="container mounted via layerStore: /home/ubuntu/ai-infra-book-experiments/ch11/11-02/docker-lifecycle/isolated-daemon/full-worker/data/overlay2/79a3a057bc7d70f32590980063b950e4d277da30c489743e1592e2ad6c250560/merged" container=74dec9e6e45226b81507e897e6fda7c65c0d42cd32ee2cfdc483924856946e5a
time="2026-09-14T19:09:57.047751866Z" level=debug msg="Calling PUT /v1.43/containers/74dec9e6e45226b81507e897e6fda7c65c0d42cd32ee2cfdc483924856946e5a/archive?noOverwriteDirNonDir=true&path=%2Ftmp"
time="2026-09-14T19:09:57.048172644Z" level=debug msg="container mounted via layerStore: /home/ubuntu/ai-infra-book-experiments/ch11/11-02/docker-lifecycle/isolated-daemon/full-worker/data/overlay2/79a3a057bc7d70f32590980063b950e4d277da30c489743e1592e2ad6c250560/merged" container=74dec9e6e45226b81507e897e6fda7c65c0d42cd32ee2cfdc483924856946e5a
time="2026-09-14T19:09:57.102443544Z" level=debug msg="Calling HEAD /_ping"
time="2026-09-14T19:09:57.102750989Z" level=debug msg="Calling POST /v1.43/containers/74dec9e6e45226b81507e897e6fda7c65c0d42cd32ee2cfdc483924856946e5a/start?checkpoint=snap"
time="2026-09-14T19:09:57.103310384Z" level=debug msg="container mounted via layerStore: /home/ubuntu/ai-infra-book-experiments/ch11/11-02/docker-lifecycle/isolated-daemon/full-worker/data/overlay2/79a3a057bc7d70f32590980063b950e4d277da30c489743e1592e2ad6c250560/merged" container=74dec9e6e45226b81507e897e6fda7c65c0d42cd32ee2cfdc483924856946e5a
time="2026-09-14T19:09:57.127600020Z" level=debug msg="EnableService 74dec9e6e45226b81507e897e6fda7c65c0d42cd32ee2cfdc483924856946e5a START"
time="2026-09-14T19:09:57.127625485Z" level=debug msg="EnableService 74dec9e6e45226b81507e897e6fda7c65c0d42cd32ee2cfdc483924856946e5a DONE"
time="2026-09-14T19:09:57.131768051Z" level=debug msg="createSpec: cgroupsPath: system.slice:docker:74dec9e6e45226b81507e897e6fda7c65c0d42cd32ee2cfdc483924856946e5a"
time="2026-09-14T19:09:57.132077286Z" level=debug msg="bundle dir created" bundle=/run/book1102-worker/containerd/74dec9e6e45226b81507e897e6fda7c65c0d42cd32ee2cfdc483924856946e5a module=libcontainerd namespace=book1102 root=/home/ubuntu/ai-infra-book-experiments/ch11/11-02/docker-lifecycle/isolated-daemon/full-worker/data/overlay2/79a3a057bc7d70f32590980063b950e4d277da30c489743e1592e2ad6c250560/merged
time="2026-09-14T19:09:57.152569802Z" level=debug msg="Using single walk diff for /home/ubuntu/ai-infra-book-experiments/ch11/11-02/docker-lifecycle/isolated-daemon/full-worker/data/containers/74dec9e6e45226b81507e897e6fda7c65c0d42cd32ee2cfdc483924856946e5a/checkpoints/snap"
time="2026-09-14T19:09:57.243454327Z" level=debug msg=event module=libcontainerd namespace=book1102 topic=/tasks/create
time="2026-09-14T19:09:57.291696067Z" level=debug msg=event module=libcontainerd namespace=book1102 topic=/tasks/start
time="2026-09-14T19:09:57.312736832Z" level=debug msg="Calling HEAD /_ping"
time="2026-09-14T19:09:57.312975701Z" level=debug msg="Calling GET /v1.43/containers/74dec9e6e45226b81507e897e6fda7c65c0d42cd32ee2cfdc483924856946e5a/json"
time="2026-09-14T19:09:57.321033267Z" level=debug msg="Calling HEAD /_ping"
time="2026-09-14T19:09:57.321247485Z" level=debug msg="Calling GET /v1.43/containers/74dec9e6e45226b81507e897e6fda7c65c0d42cd32ee2cfdc483924856946e5a/json"
time="2026-09-14T19:09:57.322145776Z" level=debug msg="Calling POST /v1.43/containers/74dec9e6e45226b81507e897e6fda7c65c0d42cd32ee2cfdc483924856946e5a/exec"
time="2026-09-14T19:09:57.322228220Z" level=debug msg="form data: {\"AttachStderr\":true,\"AttachStdin\":true,\"AttachStdout\":true,\"Cmd\":[\"python\",\"-u\",\"-c\",\"import socket,sys,time\\ns=socket.socket(socket.AF_UNIX)\\nfor i in range(100):\\n try:s.connect('/tmp/book-control.sock');break\\n except (FileNotFoundError,ConnectionRefusedError):time.sleep(.02)\\nprint('READY',flush=True)\\nfor line in sys.stdin.buffer:\\n s.sendall(line);data=b''\\n while not data.endswith(b'\\\\n'):\\n  chunk=s.recv(65536)\\n  if not chunk:raise RuntimeError('EOF')\\n  data+=chunk\\n sys.stdout.buffer.write(data);sys.stdout.buffer.flush()\\ns.close()\\n\"],\"Detach\":false,\"DetachKeys\":\"\",\"Env\":null,\"Privileged\":false,\"Tty\":false,\"User\":\"\",\"WorkingDir\":\"\"}"
time="2026-09-14T19:09:57.322475308Z" level=debug msg="Calling POST /v1.43/exec/37e6435adadcf863c819956945d099a3827db0a46bc5fbd4db7763ae2b1ee760/start"
time="2026-09-14T19:09:57.322496704Z" level=debug msg="form data: {\"Detach\":false,\"Tty\":false}"
time="2026-09-14T19:09:57.322546526Z" level=debug msg="starting exec command 37e6435adadcf863c819956945d099a3827db0a46bc5fbd4db7763ae2b1ee760 in container 74dec9e6e45226b81507e897e6fda7c65c0d42cd32ee2cfdc483924856946e5a"
time="2026-09-14T19:09:57.323269044Z" level=debug msg="attach: stdout: begin"
time="2026-09-14T19:09:57.323269507Z" level=debug msg="attach: stdin: begin"
time="2026-09-14T19:09:57.323289969Z" level=debug msg="attach: stderr: begin"
time="2026-09-14T19:09:57.324644488Z" level=debug msg=event module=libcontainerd namespace=book1102 topic=/tasks/exec-added
time="2026-09-14T19:09:57.360308713Z" level=debug msg=event module=libcontainerd namespace=book1102 topic=/tasks/exec-started
time="2026-09-14T19:09:57.374703486Z" level=debug msg="Closing buffered stdin pipe"
time="2026-09-14T19:09:57.374746864Z" level=debug msg="attach: stdin: end"
time="2026-09-14T19:09:57.378907722Z" level=debug msg=event module=libcontainerd namespace=book1102 topic=/tasks/exit
time="2026-09-14T19:09:57.378994437Z" level=debug msg="attach: stdout: end"
time="2026-09-14T19:09:57.379002742Z" level=debug msg="attach: stderr: end"
time="2026-09-14T19:09:57.379026130Z" level=debug msg="attach done"
time="2026-09-14T19:09:57.379251960Z" level=debug msg="Calling GET /v1.43/exec/37e6435adadcf863c819956945d099a3827db0a46bc5fbd4db7763ae2b1ee760/json"
time="2026-09-14T19:09:57.439526593Z" level=debug msg="Calling HEAD /_ping"
time="2026-09-14T19:09:57.440144001Z" level=debug msg="Calling POST /v1.43/containers/create?name=book1102-abb7f011d6-t2-checkpoint-clone1"
time="2026-09-14T19:09:57.440271021Z" level=debug msg="form data: {\"AttachStderr\":true,\"AttachStdin\":false,\"AttachStdout\":true,\"Cmd\":[\"python\",\"-u\",\"/tmp/book-worker.py\"],\"Domainname\":\"\",\"Entrypoint\":null,\"Env\":null,\"HostConfig\":{\"AutoRemove\":false,\"Binds\":null,\"BlkioDeviceReadBps\":[],\"BlkioDeviceReadIOps\":[],\"BlkioDeviceWriteBps\":[],\"BlkioDeviceWriteIOps\":[],\"BlkioWeight\":0,\"BlkioWeightDevice\":[],\"CapAdd\":null,\"CapDrop\":null,\"Cgroup\":\"\",\"CgroupParent\":\"\",\"CgroupnsMode\":\"\",\"ConsoleSize\":[0,0],\"ContainerIDFile\":\"\",\"CpuCount\":0,\"CpuPercent\":0,\"CpuPeriod\":0,\"CpuQuota\":0,\"CpuRealtimePeriod\":0,\"CpuRealtimeRuntime\":0,\"CpuShares\":0,\"CpusetCpus\":\"\",\"CpusetMems\":\"\",\"DeviceCgroupRules\":null,\"DeviceRequests\":null,\"Devices\":[],\"Dns\":[],\"DnsOptions\":[],\"DnsSearch\":[],\"ExtraHosts\":null,\"GroupAdd\":null,\"IOMaximumBandwidth\":0,\"IOMaximumIOps\":0,\"IpcMode\":\"\",\"Isolation\":\"\",\"Links\":null,\"LogConfig\":{\"Config\":{},\"Type\":\"\"},\"MaskedPaths\":null,\"Memory\":268435456,\"MemoryReservation\":0,\"MemorySwap\":268435456,\"MemorySwappiness\":-1,\"NanoCpus\":1000000000,\"NetworkMode\":\"host\",\"OomKillDisable\":false,\"OomScoreAdj\":0,\"PidMode\":\"\",\"PidsLimit\":0,\"PortBindings\":{},\"Privileged\":false,\"PublishAllPorts\":false,\"ReadonlyPaths\":null,\"ReadonlyRootfs\":false,\"RestartPolicy\":{\"MaximumRetryCount\":0,\"Name\":\"no\"},\"SecurityOpt\":null,\"ShmSize\":0,\"UTSMode\":\"\",\"Ulimits\":null,\"UsernsMode\":\"\",\"VolumeDriver\":\"\",\"VolumesFrom\":null},\"Hostname\":\"\",\"Image\":\"book1102-abb7f011d6:t2-checkpoint\",\"Labels\":{\"book.experiment\":\"book1102-abb7f011d6\"},\"NetworkingConfig\":{\"EndpointsConfig\":{}},\"OnBuild\":null,\"OpenStdin\":false,\"StdinOnce\":false,\"Tty\":false,\"User\":\"\",\"Volumes\":{},\"WorkingDir\":\"\"}"
time="2026-09-14T19:09:57.942556528Z" level=debug msg="container mounted via layerStore: /home/ubuntu/ai-infra-book-experiments/ch11/11-02/docker-lifecycle/isolated-daemon/full-worker/data/overlay2/b9fb2b3eddef0e5e91f092b2c306624c3ace05d91943c796cbb17957a2e19e91/merged" container=73539808f0342e189dccb2e87fcdda6f6a629235a49134b06c5063276d162d2e
time="2026-09-14T19:09:57.965868344Z" level=debug msg="Calling HEAD /_ping"
time="2026-09-14T19:09:57.966110812Z" level=debug msg="Calling HEAD /v1.43/containers/73539808f0342e189dccb2e87fcdda6f6a629235a49134b06c5063276d162d2e/archive?path=%2Ftmp%2Fbook-worker.py"
time="2026-09-14T19:09:57.966606821Z" level=debug msg="container mounted via layerStore: /home/ubuntu/ai-infra-book-experiments/ch11/11-02/docker-lifecycle/isolated-daemon/full-worker/data/overlay2/b9fb2b3eddef0e5e91f092b2c306624c3ace05d91943c796cbb17957a2e19e91/merged" container=73539808f0342e189dccb2e87fcdda6f6a629235a49134b06c5063276d162d2e
time="2026-09-14T19:09:57.973756422Z" level=debug msg="Calling PUT /v1.43/containers/73539808f0342e189dccb2e87fcdda6f6a629235a49134b06c5063276d162d2e/archive?noOverwriteDirNonDir=true&path=%2Ftmp"
time="2026-09-14T19:09:57.974173752Z" level=debug msg="container mounted via layerStore: /home/ubuntu/ai-infra-book-experiments/ch11/11-02/docker-lifecycle/isolated-daemon/full-worker/data/overlay2/b9fb2b3eddef0e5e91f092b2c306624c3ace05d91943c796cbb17957a2e19e91/merged" container=73539808f0342e189dccb2e87fcdda6f6a629235a49134b06c5063276d162d2e
time="2026-09-14T19:09:58.032828181Z" level=debug msg="Calling HEAD /_ping"
time="2026-09-14T19:09:58.033143593Z" level=debug msg="Calling POST /v1.43/containers/73539808f0342e189dccb2e87fcdda6f6a629235a49134b06c5063276d162d2e/start?checkpoint=snap"
time="2026-09-14T19:09:58.033691454Z" level=debug msg="container mounted via layerStore: /home/ubuntu/ai-infra-book-experiments/ch11/11-02/docker-lifecycle/isolated-daemon/full-worker/data/overlay2/b9fb2b3eddef0e5e91f092b2c306624c3ace05d91943c796cbb17957a2e19e91/merged" container=73539808f0342e189dccb2e87fcdda6f6a629235a49134b06c5063276d162d2e
time="2026-09-14T19:09:58.059601714Z" level=debug msg="EnableService 73539808f0342e189dccb2e87fcdda6f6a629235a49134b06c5063276d162d2e START"
time="2026-09-14T19:09:58.059625644Z" level=debug msg="EnableService 73539808f0342e189dccb2e87fcdda6f6a629235a49134b06c5063276d162d2e DONE"
time="2026-09-14T19:09:58.066784834Z" level=debug msg="createSpec: cgroupsPath: system.slice:docker:73539808f0342e189dccb2e87fcdda6f6a629235a49134b06c5063276d162d2e"
time="2026-09-14T19:09:58.066998844Z" level=debug msg="bundle dir created" bundle=/run/book1102-worker/containerd/73539808f0342e189dccb2e87fcdda6f6a629235a49134b06c5063276d162d2e module=libcontainerd namespace=book1102 root=/home/ubuntu/ai-infra-book-experiments/ch11/11-02/docker-lifecycle/isolated-daemon/full-worker/data/overlay2/b9fb2b3eddef0e5e91f092b2c306624c3ace05d91943c796cbb17957a2e19e91/merged
time="2026-09-14T19:09:58.091573940Z" level=debug msg="Using single walk diff for /home/ubuntu/ai-infra-book-experiments/ch11/11-02/docker-lifecycle/isolated-daemon/full-worker/data/containers/73539808f0342e189dccb2e87fcdda6f6a629235a49134b06c5063276d162d2e/checkpoints/snap"
time="2026-09-14T19:09:58.187712247Z" level=debug msg=event module=libcontainerd namespace=book1102 topic=/tasks/create
time="2026-09-14T19:09:58.248116660Z" level=debug msg=event module=libcontainerd namespace=book1102 topic=/tasks/start
time="2026-09-14T19:09:58.272686215Z" level=debug msg="Calling HEAD /_ping"
time="2026-09-14T19:09:58.272935889Z" level=debug msg="Calling GET /v1.43/containers/73539808f0342e189dccb2e87fcdda6f6a629235a49134b06c5063276d162d2e/json"
time="2026-09-14T19:09:58.283070078Z" level=debug msg="Calling HEAD /_ping"
time="2026-09-14T19:09:58.283322967Z" level=debug msg="Calling GET /v1.43/containers/73539808f0342e189dccb2e87fcdda6f6a629235a49134b06c5063276d162d2e/json"
time="2026-09-14T19:09:58.284224222Z" level=debug msg="Calling POST /v1.43/containers/73539808f0342e189dccb2e87fcdda6f6a629235a49134b06c5063276d162d2e/exec"
time="2026-09-14T19:09:58.284287678Z" level=debug msg="form data: {\"AttachStderr\":true,\"AttachStdin\":true,\"AttachStdout\":true,\"Cmd\":[\"python\",\"-u\",\"-c\",\"import socket,sys,time\\ns=socket.socket(socket.AF_UNIX)\\nfor i in range(100):\\n try:s.connect('/tmp/book-control.sock');break\\n except (FileNotFoundError,ConnectionRefusedError):time.sleep(.02)\\nprint('READY',flush=True)\\nfor line in sys.stdin.buffer:\\n s.sendall(line);data=b''\\n while not data.endswith(b'\\\\n'):\\n  chunk=s.recv(65536)\\n  if not chunk:raise RuntimeError('EOF')\\n  data+=chunk\\n sys.stdout.buffer.write(data);sys.stdout.buffer.flush()\\ns.close()\\n\"],\"Detach\":false,\"DetachKeys\":\"\",\"Env\":null,\"Privileged\":false,\"Tty\":false,\"User\":\"\",\"WorkingDir\":\"\"}"
time="2026-09-14T19:09:58.284525896Z" level=debug msg="Calling POST /v1.43/exec/2be3a050cccd31497fc9a7926175c28e88170328b8b29ad9be76dcd2adf63a7f/start"
time="2026-09-14T19:09:58.284555559Z" level=debug msg="form data: {\"Detach\":false,\"Tty\":false}"
time="2026-09-14T19:09:58.284602785Z" level=debug msg="starting exec command 2be3a050cccd31497fc9a7926175c28e88170328b8b29ad9be76dcd2adf63a7f in container 73539808f0342e189dccb2e87fcdda6f6a629235a49134b06c5063276d162d2e"
time="2026-09-14T19:09:58.285282347Z" level=debug msg="attach: stdout: begin"
time="2026-09-14T19:09:58.285288749Z" level=debug msg="attach: stdin: begin"
time="2026-09-14T19:09:58.285298167Z" level=debug msg="attach: stderr: begin"
time="2026-09-14T19:09:58.286125839Z" level=debug msg=event module=libcontainerd namespace=book1102 topic=/tasks/exec-added
time="2026-09-14T19:09:58.317594411Z" level=debug msg=event module=libcontainerd namespace=book1102 topic=/tasks/exec-started
time="2026-09-14T19:09:58.332287231Z" level=debug msg="Closing buffered stdin pipe"
time="2026-09-14T19:09:58.332335057Z" level=debug msg="attach: stdin: end"
time="2026-09-14T19:09:58.335961571Z" level=debug msg=event module=libcontainerd namespace=book1102 topic=/tasks/exit
time="2026-09-14T19:09:58.336090803Z" level=debug msg="attach: stderr: end"
time="2026-09-14T19:09:58.336092222Z" level=debug msg="attach: stdout: end"
time="2026-09-14T19:09:58.336120654Z" level=debug msg="attach done"
time="2026-09-14T19:09:58.336424498Z" level=debug msg="Calling GET /v1.43/exec/2be3a050cccd31497fc9a7926175c28e88170328b8b29ad9be76dcd2adf63a7f/json"
time="2026-09-14T19:09:58.403983008Z" level=debug msg="Calling HEAD /_ping"
time="2026-09-14T19:09:58.404243406Z" level=debug msg="Calling GET /v1.43/containers/74dec9e6e45226b81507e897e6fda7c65c0d42cd32ee2cfdc483924856946e5a/json"
time="2026-09-14T19:09:58.413880152Z" level=debug msg="Calling HEAD /_ping"
time="2026-09-14T19:09:58.414137973Z" level=debug msg="Calling GET /v1.43/containers/74dec9e6e45226b81507e897e6fda7c65c0d42cd32ee2cfdc483924856946e5a/json"
time="2026-09-14T19:09:58.415006741Z" level=debug msg="Calling POST /v1.43/containers/74dec9e6e45226b81507e897e6fda7c65c0d42cd32ee2cfdc483924856946e5a/exec"
time="2026-09-14T19:09:58.415058984Z" level=debug msg="form data: {\"AttachStderr\":true,\"AttachStdin\":true,\"AttachStdout\":true,\"Cmd\":[\"python\",\"-u\",\"-c\",\"import socket,sys,time\\ns=socket.socket(socket.AF_UNIX)\\nfor i in range(100):\\n try:s.connect('/tmp/book-control.sock');break\\n except (FileNotFoundError,ConnectionRefusedError):time.sleep(.02)\\nprint('READY',flush=True)\\nfor line in sys.stdin.buffer:\\n s.sendall(line);data=b''\\n while not data.endswith(b'\\\\n'):\\n  chunk=s.recv(65536)\\n  if not chunk:raise RuntimeError('EOF')\\n  data+=chunk\\n sys.stdout.buffer.write(data);sys.stdout.buffer.flush()\\ns.close()\\n\"],\"Detach\":false,\"DetachKeys\":\"\",\"Env\":null,\"Privileged\":false,\"Tty\":false,\"User\":\"\",\"WorkingDir\":\"\"}"
time="2026-09-14T19:09:58.415298167Z" level=debug msg="Calling POST /v1.43/exec/5e12b02db1816f2c6273aa51881db5e54b412a4eba3c90e42bec992f65e6f87d/start"
time="2026-09-14T19:09:58.415330699Z" level=debug msg="form data: {\"Detach\":false,\"Tty\":false}"
time="2026-09-14T19:09:58.415381327Z" level=debug msg="starting exec command 5e12b02db1816f2c6273aa51881db5e54b412a4eba3c90e42bec992f65e6f87d in container 74dec9e6e45226b81507e897e6fda7c65c0d42cd32ee2cfdc483924856946e5a"
time="2026-09-14T19:09:58.416077876Z" level=debug msg="attach: stdin: begin"
time="2026-09-14T19:09:58.416086676Z" level=debug msg="attach: stdout: begin"
time="2026-09-14T19:09:58.416088983Z" level=debug msg="attach: stderr: begin"
time="2026-09-14T19:09:58.416702071Z" level=debug msg=event module=libcontainerd namespace=book1102 topic=/tasks/exec-added
time="2026-09-14T19:09:58.448269164Z" level=debug msg=event module=libcontainerd namespace=book1102 topic=/tasks/exec-started
time="2026-09-14T19:09:58.461754895Z" level=debug msg="Closing buffered stdin pipe"
time="2026-09-14T19:09:58.461793217Z" level=debug msg="attach: stdin: end"
time="2026-09-14T19:09:58.465520413Z" level=debug msg=event module=libcontainerd namespace=book1102 topic=/tasks/exit
time="2026-09-14T19:09:58.465646407Z" level=debug msg="attach: stdout: end"
time="2026-09-14T19:09:58.465647339Z" level=debug msg="attach: stderr: end"
time="2026-09-14T19:09:58.465676070Z" level=debug msg="attach done"
time="2026-09-14T19:09:58.465934399Z" level=debug msg="Calling GET /v1.43/exec/5e12b02db1816f2c6273aa51881db5e54b412a4eba3c90e42bec992f65e6f87d/json"
time="2026-09-14T19:09:58.476285707Z" level=debug msg="Calling HEAD /_ping"
time="2026-09-14T19:09:58.476528366Z" level=debug msg="Calling GET /v1.43/containers/73539808f0342e189dccb2e87fcdda6f6a629235a49134b06c5063276d162d2e/json"
time="2026-09-14T19:09:58.486755606Z" level=debug msg="Calling HEAD /_ping"
time="2026-09-14T19:09:58.487013143Z" level=debug msg="Calling GET /v1.43/containers/73539808f0342e189dccb2e87fcdda6f6a629235a49134b06c5063276d162d2e/json"
time="2026-09-14T19:09:58.487912399Z" level=debug msg="Calling POST /v1.43/containers/73539808f0342e189dccb2e87fcdda6f6a629235a49134b06c5063276d162d2e/exec"
time="2026-09-14T19:09:58.487971238Z" level=debug msg="form data: {\"AttachStderr\":true,\"AttachStdin\":true,\"AttachStdout\":true,\"Cmd\":[\"python\",\"-u\",\"-c\",\"import socket,sys,time\\ns=socket.socket(socket.AF_UNIX)\\nfor i in range(100):\\n try:s.connect('/tmp/book-control.sock');break\\n except (FileNotFoundError,ConnectionRefusedError):time.sleep(.02)\\nprint('READY',flush=True)\\nfor line in sys.stdin.buffer:\\n s.sendall(line);data=b''\\n while not data.endswith(b'\\\\n'):\\n  chunk=s.recv(65536)\\n  if not chunk:raise RuntimeError('EOF')\\n  data+=chunk\\n sys.stdout.buffer.write(data);sys.stdout.buffer.flush()\\ns.close()\\n\"],\"Detach\":false,\"DetachKeys\":\"\",\"Env\":null,\"Privileged\":false,\"Tty\":false,\"User\":\"\",\"WorkingDir\":\"\"}"
time="2026-09-14T19:09:58.488225267Z" level=debug msg="Calling POST /v1.43/exec/f835914165a5c9100a1190190729493d0f0ba2be72f9d161d9382464b8988331/start"
time="2026-09-14T19:09:58.488256187Z" level=debug msg="form data: {\"Detach\":false,\"Tty\":false}"
time="2026-09-14T19:09:58.488303519Z" level=debug msg="starting exec command f835914165a5c9100a1190190729493d0f0ba2be72f9d161d9382464b8988331 in container 73539808f0342e189dccb2e87fcdda6f6a629235a49134b06c5063276d162d2e"
time="2026-09-14T19:09:58.489002647Z" level=debug msg="attach: stdout: begin"
time="2026-09-14T19:09:58.489002992Z" level=debug msg="attach: stderr: begin"
time="2026-09-14T19:09:58.489003079Z" level=debug msg="attach: stdin: begin"
time="2026-09-14T19:09:58.489709163Z" level=debug msg=event module=libcontainerd namespace=book1102 topic=/tasks/exec-added
time="2026-09-14T19:09:58.524045872Z" level=debug msg=event module=libcontainerd namespace=book1102 topic=/tasks/exec-started
time="2026-09-14T19:09:58.537587421Z" level=debug msg="Closing buffered stdin pipe"
time="2026-09-14T19:09:58.537626518Z" level=debug msg="attach: stdin: end"
time="2026-09-14T19:09:58.541531582Z" level=debug msg=event module=libcontainerd namespace=book1102 topic=/tasks/exit
time="2026-09-14T19:09:58.541599823Z" level=debug msg="attach: stdout: end"
time="2026-09-14T19:09:58.541604392Z" level=debug msg="attach: stderr: end"
time="2026-09-14T19:09:58.541620563Z" level=debug msg="attach done"
time="2026-09-14T19:09:58.541818902Z" level=debug msg="Calling GET /v1.43/exec/f835914165a5c9100a1190190729493d0f0ba2be72f9d161d9382464b8988331/json"
time="2026-09-14T19:09:58.553060646Z" level=debug msg="Calling HEAD /_ping"
time="2026-09-14T19:09:58.553310195Z" level=debug msg="Calling GET /v1.43/containers/7c9f7ae2c55721cc8a89c67298ebee7048286e791e8619dd61dfcc2617760b4c/json"
time="2026-09-14T19:09:58.564894079Z" level=debug msg="Calling HEAD /_ping"
time="2026-09-14T19:09:58.565117515Z" level=debug msg="Calling GET /v1.43/containers/7c9f7ae2c55721cc8a89c67298ebee7048286e791e8619dd61dfcc2617760b4c/json"
time="2026-09-14T19:09:58.565948905Z" level=debug msg="Calling POST /v1.43/containers/7c9f7ae2c55721cc8a89c67298ebee7048286e791e8619dd61dfcc2617760b4c/exec"
time="2026-09-14T19:09:58.566010567Z" level=debug msg="form data: {\"AttachStderr\":true,\"AttachStdin\":true,\"AttachStdout\":true,\"Cmd\":[\"python\",\"-u\",\"-c\",\"import socket,sys,time\\ns=socket.socket(socket.AF_UNIX)\\nfor i in range(100):\\n try:s.connect('/tmp/book-control.sock');break\\n except (FileNotFoundError,ConnectionRefusedError):time.sleep(.02)\\nprint('READY',flush=True)\\nfor line in sys.stdin.buffer:\\n s.sendall(line);data=b''\\n while not data.endswith(b'\\\\n'):\\n  chunk=s.recv(65536)\\n  if not chunk:raise RuntimeError('EOF')\\n  data+=chunk\\n sys.stdout.buffer.write(data);sys.stdout.buffer.flush()\\ns.close()\\n\"],\"Detach\":false,\"DetachKeys\":\"\",\"Env\":null,\"Privileged\":false,\"Tty\":false,\"User\":\"\",\"WorkingDir\":\"\"}"
time="2026-09-14T19:09:58.566255535Z" level=debug msg="Calling POST /v1.43/exec/50e2b996a88869e4977f2bf82e6ac05e6b13f8b8bdee22ff9bcfa03d797b5c44/start"
time="2026-09-14T19:09:58.566281870Z" level=debug msg="form data: {\"Detach\":false,\"Tty\":false}"
time="2026-09-14T19:09:58.566328774Z" level=debug msg="starting exec command 50e2b996a88869e4977f2bf82e6ac05e6b13f8b8bdee22ff9bcfa03d797b5c44 in container 7c9f7ae2c55721cc8a89c67298ebee7048286e791e8619dd61dfcc2617760b4c"
time="2026-09-14T19:09:58.568916833Z" level=debug msg="attach: stdin: begin"
time="2026-09-14T19:09:58.568948073Z" level=debug msg="attach: stdout: begin"
time="2026-09-14T19:09:58.568961602Z" level=debug msg="attach: stderr: begin"
time="2026-09-14T19:09:58.569506443Z" level=debug msg=event module=libcontainerd namespace=book1102 topic=/tasks/exec-added
time="2026-09-14T19:09:58.612735869Z" level=debug msg=event module=libcontainerd namespace=book1102 topic=/tasks/exec-started
time="2026-09-14T19:09:58.625183718Z" level=debug msg="Closing buffered stdin pipe"
time="2026-09-14T19:09:58.625225808Z" level=debug msg="attach: stdin: end"
time="2026-09-14T19:09:58.628939230Z" level=debug msg=event module=libcontainerd namespace=book1102 topic=/tasks/exit
time="2026-09-14T19:09:58.629010595Z" level=debug msg="attach: stdout: end"
time="2026-09-14T19:09:58.629016327Z" level=debug msg="attach: stderr: end"
time="2026-09-14T19:09:58.629046026Z" level=debug msg="attach done"
time="2026-09-14T19:09:58.629329765Z" level=debug msg="Calling GET /v1.43/exec/50e2b996a88869e4977f2bf82e6ac05e6b13f8b8bdee22ff9bcfa03d797b5c44/json"
time="2026-09-14T19:09:58.734669695Z" level=debug msg="Calling HEAD /_ping"
time="2026-09-14T19:09:58.734972783Z" level=debug msg="Calling DELETE /v1.43/containers/7c9f7ae2c55721cc8a89c67298ebee7048286e791e8619dd61dfcc2617760b4c?force=1"
time="2026-09-14T19:09:58.734993118Z" level=debug msg="Sending kill signal 9 to container 7c9f7ae2c55721cc8a89c67298ebee7048286e791e8619dd61dfcc2617760b4c"
time="2026-09-14T19:09:58.752862673Z" level=debug msg=event module=libcontainerd namespace=book1102 topic=/tasks/exit
time="2026-09-14T19:10:08.755079164Z" level=error msg="Container failed to exit within 10s of kill - trying direct SIGKILL" container=7c9f7ae2c55721cc8a89c67298ebee7048286e791e8619dd61dfcc2617760b4c error="context deadline exceeded"
time="2026-09-14T19:10:28.753901492Z" level=warning msg="failed to delete container from containerd" container=7c9f7ae2c55721cc8a89c67298ebee7048286e791e8619dd61dfcc2617760b4c error="failed to delete task: context deadline exceeded: unknown"
time="2026-09-14T19:10:28.754405930Z" level=error msg="7c9f7ae2c55721cc8a89c67298ebee7048286e791e8619dd61dfcc2617760b4c cleanup: failed to delete container from containerd: cannot delete running task 7c9f7ae2c55721cc8a89c67298ebee7048286e791e8619dd61dfcc2617760b4c: failed precondition"
time="2026-09-14T19:10:29.083789558Z" level=debug msg="Calling HEAD /_ping"
time="2026-09-14T19:10:29.084110989Z" level=debug msg="Calling DELETE /v1.43/containers/74dec9e6e45226b81507e897e6fda7c65c0d42cd32ee2cfdc483924856946e5a?force=1"
time="2026-09-14T19:10:29.084131700Z" level=debug msg="Sending kill signal 9 to container 74dec9e6e45226b81507e897e6fda7c65c0d42cd32ee2cfdc483924856946e5a"
time="2026-09-14T19:10:29.105204262Z" level=debug msg=event module=libcontainerd namespace=book1102 topic=/tasks/exit
time="2026-09-14T19:10:29.112497446Z" level=debug msg=event module=libcontainerd namespace=book1102 topic=/tasks/delete
time="2026-09-14T19:10:29.112527051Z" level=info msg="ignoring event" container=74dec9e6e45226b81507e897e6fda7c65c0d42cd32ee2cfdc483924856946e5a module=libcontainerd namespace=book1102 topic=/tasks/delete type="*events.TaskDelete"
time="2026-09-14T19:10:29.223874996Z" level=debug msg="Calling HEAD /_ping"
time="2026-09-14T19:10:29.224178231Z" level=debug msg="Calling DELETE /v1.43/containers/73539808f0342e189dccb2e87fcdda6f6a629235a49134b06c5063276d162d2e?force=1"
time="2026-09-14T19:10:29.224206134Z" level=debug msg="Sending kill signal 9 to container 73539808f0342e189dccb2e87fcdda6f6a629235a49134b06c5063276d162d2e"
time="2026-09-14T19:10:29.240496843Z" level=debug msg=event module=libcontainerd namespace=book1102 topic=/tasks/exit
time="2026-09-14T19:10:29.247731610Z" level=debug msg=event module=libcontainerd namespace=book1102 topic=/tasks/delete
time="2026-09-14T19:10:29.247757938Z" level=info msg="ignoring event" container=73539808f0342e189dccb2e87fcdda6f6a629235a49134b06c5063276d162d2e module=libcontainerd namespace=book1102 topic=/tasks/delete type="*events.TaskDelete"
time="2026-09-14T19:10:29.336322661Z" level=debug msg="Calling HEAD /_ping"
time="2026-09-14T19:10:29.336936891Z" level=debug msg="Calling POST /v1.43/containers/create?name=book1102-abb7f011d6-t2-clean_rebuild"
time="2026-09-14T19:10:29.337067175Z" level=debug msg="form data: {\"AttachStderr\":true,\"AttachStdin\":false,\"AttachStdout\":true,\"Cmd\":[\"python\",\"-u\",\"/tmp/book-worker.py\"],\"Domainname\":\"\",\"Entrypoint\":null,\"Env\":null,\"HostConfig\":{\"AutoRemove\":false,\"Binds\":null,\"BlkioDeviceReadBps\":[],\"BlkioDeviceReadIOps\":[],\"BlkioDeviceWriteBps\":[],\"BlkioDeviceWriteIOps\":[],\"BlkioWeight\":0,\"BlkioWeightDevice\":[],\"CapAdd\":null,\"CapDrop\":null,\"Cgroup\":\"\",\"CgroupParent\":\"\",\"CgroupnsMode\":\"\",\"ConsoleSize\":[0,0],\"ContainerIDFile\":\"\",\"CpuCount\":0,\"CpuPercent\":0,\"CpuPeriod\":0,\"CpuQuota\":0,\"CpuRealtimePeriod\":0,\"CpuRealtimeRuntime\":0,\"CpuShares\":0,\"CpusetCpus\":\"\",\"CpusetMems\":\"\",\"DeviceCgroupRules\":null,\"DeviceRequests\":null,\"Devices\":[],\"Dns\":[],\"DnsOptions\":[],\"DnsSearch\":[],\"ExtraHosts\":null,\"GroupAdd\":null,\"IOMaximumBandwidth\":0,\"IOMaximumIOps\":0,\"IpcMode\":\"\",\"Isolation\":\"\",\"Links\":null,\"LogConfig\":{\"Config\":{},\"Type\":\"\"},\"MaskedPaths\":null,\"Memory\":268435456,\"MemoryReservation\":0,\"MemorySwap\":268435456,\"MemorySwappiness\":-1,\"NanoCpus\":1000000000,\"NetworkMode\":\"host\",\"OomKillDisable\":false,\"OomScoreAdj\":0,\"PidMode\":\"\",\"PidsLimit\":0,\"PortBindings\":{},\"Privileged\":false,\"PublishAllPorts\":false,\"ReadonlyPaths\":null,\"ReadonlyRootfs\":false,\"RestartPolicy\":{\"MaximumRetryCount\":0,\"Name\":\"no\"},\"SecurityOpt\":null,\"ShmSize\":0,\"UTSMode\":\"\",\"Ulimits\":null,\"UsernsMode\":\"\",\"VolumeDriver\":\"\",\"VolumesFrom\":null},\"Hostname\":\"\",\"Image\":\"sha256:002792ac193538382f4aa5b2f696e5669c20e3c972e60d75e6df90d64d4e696e\",\"Labels\":{\"book.experiment\":\"book1102-abb7f011d6\"},\"NetworkingConfig\":{\"EndpointsConfig\":{}},\"OnBuild\":null,\"OpenStdin\":false,\"StdinOnce\":false,\"Tty\":false,\"User\":\"\",\"Volumes\":{},\"WorkingDir\":\"\"}"
time="2026-09-14T19:10:29.370958427Z" level=debug msg="container mounted via layerStore: /home/ubuntu/ai-infra-book-experiments/ch11/11-02/docker-lifecycle/isolated-daemon/full-worker/data/overlay2/cdcf53843076522d951277b6a46f1ff3db6b26435da17c5192702e4ac871d077/merged" container=129cae671460fa7c64653c74dacfdfe0456db1a1549dbc0f06ba0fd3f5d92d14
time="2026-09-14T19:10:29.393546478Z" level=debug msg="Calling HEAD /_ping"
time="2026-09-14T19:10:29.393754997Z" level=debug msg="Calling HEAD /v1.43/containers/129cae671460fa7c64653c74dacfdfe0456db1a1549dbc0f06ba0fd3f5d92d14/archive?path=%2Ftmp%2Fbook-worker.py"
time="2026-09-14T19:10:29.394228762Z" level=debug msg="container mounted via layerStore: /home/ubuntu/ai-infra-book-experiments/ch11/11-02/docker-lifecycle/isolated-daemon/full-worker/data/overlay2/cdcf53843076522d951277b6a46f1ff3db6b26435da17c5192702e4ac871d077/merged" container=129cae671460fa7c64653c74dacfdfe0456db1a1549dbc0f06ba0fd3f5d92d14
time="2026-09-14T19:10:29.399607801Z" level=debug msg="Calling PUT /v1.43/containers/129cae671460fa7c64653c74dacfdfe0456db1a1549dbc0f06ba0fd3f5d92d14/archive?noOverwriteDirNonDir=true&path=%2Ftmp"
time="2026-09-14T19:10:29.400382478Z" level=debug msg="container mounted via layerStore: /home/ubuntu/ai-infra-book-experiments/ch11/11-02/docker-lifecycle/isolated-daemon/full-worker/data/overlay2/cdcf53843076522d951277b6a46f1ff3db6b26435da17c5192702e4ac871d077/merged" container=129cae671460fa7c64653c74dacfdfe0456db1a1549dbc0f06ba0fd3f5d92d14
time="2026-09-14T19:10:29.416361954Z" level=debug msg="Calling HEAD /_ping"
time="2026-09-14T19:10:29.416629525Z" level=debug msg="Calling POST /v1.43/containers/129cae671460fa7c64653c74dacfdfe0456db1a1549dbc0f06ba0fd3f5d92d14/start"
time="2026-09-14T19:10:29.417164994Z" level=debug msg="container mounted via layerStore: /home/ubuntu/ai-infra-book-experiments/ch11/11-02/docker-lifecycle/isolated-daemon/full-worker/data/overlay2/cdcf53843076522d951277b6a46f1ff3db6b26435da17c5192702e4ac871d077/merged" container=129cae671460fa7c64653c74dacfdfe0456db1a1549dbc0f06ba0fd3f5d92d14
time="2026-09-14T19:10:29.442439517Z" level=debug msg="EnableService 129cae671460fa7c64653c74dacfdfe0456db1a1549dbc0f06ba0fd3f5d92d14 START"
time="2026-09-14T19:10:29.442459774Z" level=debug msg="EnableService 129cae671460fa7c64653c74dacfdfe0456db1a1549dbc0f06ba0fd3f5d92d14 DONE"
time="2026-09-14T19:10:29.446630023Z" level=debug msg="createSpec: cgroupsPath: system.slice:docker:129cae671460fa7c64653c74dacfdfe0456db1a1549dbc0f06ba0fd3f5d92d14"
time="2026-09-14T19:10:29.446925641Z" level=debug msg="bundle dir created" bundle=/run/book1102-worker/containerd/129cae671460fa7c64653c74dacfdfe0456db1a1549dbc0f06ba0fd3f5d92d14 module=libcontainerd namespace=book1102 root=/home/ubuntu/ai-infra-book-experiments/ch11/11-02/docker-lifecycle/isolated-daemon/full-worker/data/overlay2/cdcf53843076522d951277b6a46f1ff3db6b26435da17c5192702e4ac871d077/merged
time="2026-09-14T19:10:29.516526633Z" level=debug msg=event module=libcontainerd namespace=book1102 topic=/tasks/create
time="2026-09-14T19:10:29.521602833Z" level=debug msg=event module=libcontainerd namespace=book1102 topic=/tasks/start
time="2026-09-14T19:10:29.539694891Z" level=debug msg="Calling HEAD /_ping"
time="2026-09-14T19:10:29.539940524Z" level=debug msg="Calling GET /v1.43/containers/129cae671460fa7c64653c74dacfdfe0456db1a1549dbc0f06ba0fd3f5d92d14/json"
time="2026-09-14T19:10:29.550679592Z" level=debug msg="Calling HEAD /_ping"
time="2026-09-14T19:10:29.550913301Z" level=debug msg="Calling GET /v1.43/containers/129cae671460fa7c64653c74dacfdfe0456db1a1549dbc0f06ba0fd3f5d92d14/json"
time="2026-09-14T19:10:29.551872007Z" level=debug msg="Calling POST /v1.43/containers/129cae671460fa7c64653c74dacfdfe0456db1a1549dbc0f06ba0fd3f5d92d14/exec"
time="2026-09-14T19:10:29.551939244Z" level=debug msg="form data: {\"AttachStderr\":true,\"AttachStdin\":true,\"AttachStdout\":true,\"Cmd\":[\"python\",\"-u\",\"-c\",\"import socket,sys,time\\ns=socket.socket(socket.AF_UNIX)\\nfor i in range(100):\\n try:s.connect('/tmp/book-control.sock');break\\n except (FileNotFoundError,ConnectionRefusedError):time.sleep(.02)\\nprint('READY',flush=True)\\nfor line in sys.stdin.buffer:\\n s.sendall(line);data=b''\\n while not data.endswith(b'\\\\n'):\\n  chunk=s.recv(65536)\\n  if not chunk:raise RuntimeError('EOF')\\n  data+=chunk\\n sys.stdout.buffer.write(data);sys.stdout.buffer.flush()\\ns.close()\\n\"],\"Detach\":false,\"DetachKeys\":\"\",\"Env\":null,\"Privileged\":false,\"Tty\":false,\"User\":\"\",\"WorkingDir\":\"\"}"
time="2026-09-14T19:10:29.552177466Z" level=debug msg="Calling POST /v1.43/exec/aa9e3ed6e557b86972bbb8f87146820a28d9ab42c78aa49604d0445833709f6f/start"
time="2026-09-14T19:10:29.552212622Z" level=debug msg="form data: {\"Detach\":false,\"Tty\":false}"
time="2026-09-14T19:10:29.552264767Z" level=debug msg="starting exec command aa9e3ed6e557b86972bbb8f87146820a28d9ab42c78aa49604d0445833709f6f in container 129cae671460fa7c64653c74dacfdfe0456db1a1549dbc0f06ba0fd3f5d92d14"
time="2026-09-14T19:10:29.553013999Z" level=debug msg="attach: stdout: begin"
time="2026-09-14T19:10:29.553014208Z" level=debug msg="attach: stderr: begin"
time="2026-09-14T19:10:29.553021991Z" level=debug msg="attach: stdin: begin"
time="2026-09-14T19:10:29.553875601Z" level=debug msg=event module=libcontainerd namespace=book1102 topic=/tasks/exec-added
time="2026-09-14T19:10:29.585186246Z" level=debug msg=event module=libcontainerd namespace=book1102 topic=/tasks/exec-started
time="2026-09-14T19:10:29.661885458Z" level=debug msg="Closing buffered stdin pipe"
time="2026-09-14T19:10:29.661956073Z" level=debug msg="attach: stdin: end"
time="2026-09-14T19:10:29.666332451Z" level=debug msg=event module=libcontainerd namespace=book1102 topic=/tasks/exit
time="2026-09-14T19:10:29.666408737Z" level=debug msg="attach: stdout: end"
time="2026-09-14T19:10:29.666419010Z" level=debug msg="attach: stderr: end"
time="2026-09-14T19:10:29.666446526Z" level=debug msg="attach done"
time="2026-09-14T19:10:29.666676990Z" level=debug msg="Calling GET /v1.43/exec/aa9e3ed6e557b86972bbb8f87146820a28d9ab42c78aa49604d0445833709f6f/json"
time="2026-09-14T19:10:29.677649337Z" level=debug msg="Calling HEAD /_ping"
time="2026-09-14T19:10:29.677913315Z" level=debug msg="Calling POST /v1.43/containers/129cae671460fa7c64653c74dacfdfe0456db1a1549dbc0f06ba0fd3f5d92d14/stop?t=1"
time="2026-09-14T19:10:29.677947918Z" level=debug msg="Sending kill signal 15 to container 129cae671460fa7c64653c74dacfdfe0456db1a1549dbc0f06ba0fd3f5d92d14"
time="2026-09-14T19:10:30.690873555Z" level=info msg="Container failed to exit within 1s of signal 15 - using the force" container=129cae671460fa7c64653c74dacfdfe0456db1a1549dbc0f06ba0fd3f5d92d14
time="2026-09-14T19:10:30.690916645Z" level=debug msg="Sending kill signal 9 to container 129cae671460fa7c64653c74dacfdfe0456db1a1549dbc0f06ba0fd3f5d92d14"
time="2026-09-14T19:10:30.833092220Z" level=debug msg=event module=libcontainerd namespace=book1102 topic=/tasks/exit
time="2026-09-14T19:10:30.840057438Z" level=debug msg=event module=libcontainerd namespace=book1102 topic=/tasks/delete
time="2026-09-14T19:10:30.840085895Z" level=info msg="ignoring event" container=129cae671460fa7c64653c74dacfdfe0456db1a1549dbc0f06ba0fd3f5d92d14 module=libcontainerd namespace=book1102 topic=/tasks/delete type="*events.TaskDelete"
time="2026-09-14T19:10:30.894563526Z" level=debug msg="Calling HEAD /_ping"
time="2026-09-14T19:10:30.895118396Z" level=debug msg="Calling POST /v1.43/containers/create?name=book1102-abb7f011d6-t2-clean_rebuild-new"
time="2026-09-14T19:10:30.895294272Z" level=debug msg="form data: {\"AttachStderr\":true,\"AttachStdin\":false,\"AttachStdout\":true,\"Cmd\":[\"python\",\"-u\",\"/tmp/book-worker.py\"],\"Domainname\":\"\",\"Entrypoint\":null,\"Env\":null,\"HostConfig\":{\"AutoRemove\":false,\"Binds\":null,\"BlkioDeviceReadBps\":[],\"BlkioDeviceReadIOps\":[],\"BlkioDeviceWriteBps\":[],\"BlkioDeviceWriteIOps\":[],\"BlkioWeight\":0,\"BlkioWeightDevice\":[],\"CapAdd\":null,\"CapDrop\":null,\"Cgroup\":\"\",\"CgroupParent\":\"\",\"CgroupnsMode\":\"\",\"ConsoleSize\":[0,0],\"ContainerIDFile\":\"\",\"CpuCount\":0,\"CpuPercent\":0,\"CpuPeriod\":0,\"CpuQuota\":0,\"CpuRealtimePeriod\":0,\"CpuRealtimeRuntime\":0,\"CpuShares\":0,\"CpusetCpus\":\"\",\"CpusetMems\":\"\",\"DeviceCgroupRules\":null,\"DeviceRequests\":null,\"Devices\":[],\"Dns\":[],\"DnsOptions\":[],\"DnsSearch\":[],\"ExtraHosts\":null,\"GroupAdd\":null,\"IOMaximumBandwidth\":0,\"IOMaximumIOps\":0,\"IpcMode\":\"\",\"Isolation\":\"\",\"Links\":null,\"LogConfig\":{\"Config\":{},\"Type\":\"\"},\"MaskedPaths\":null,\"Memory\":268435456,\"MemoryReservation\":0,\"MemorySwap\":268435456,\"MemorySwappiness\":-1,\"NanoCpus\":1000000000,\"NetworkMode\":\"host\",\"OomKillDisable\":false,\"OomScoreAdj\":0,\"PidMode\":\"\",\"PidsLimit\":0,\"PortBindings\":{},\"Privileged\":false,\"PublishAllPorts\":false,\"ReadonlyPaths\":null,\"ReadonlyRootfs\":false,\"RestartPolicy\":{\"MaximumRetryCount\":0,\"Name\":\"no\"},\"SecurityOpt\":null,\"ShmSize\":0,\"UTSMode\":\"\",\"Ulimits\":null,\"UsernsMode\":\"\",\"VolumeDriver\":\"\",\"VolumesFrom\":null},\"Hostname\":\"\",\"Image\":\"sha256:002792ac193538382f4aa5b2f696e5669c20e3c972e60d75e6df90d64d4e696e\",\"Labels\":{\"book.experiment\":\"book1102-abb7f011d6\"},\"NetworkingConfig\":{\"EndpointsConfig\":{}},\"OnBuild\":null,\"OpenStdin\":false,\"StdinOnce\":false,\"Tty\":false,\"User\":\"\",\"Volumes\":{},\"WorkingDir\":\"\"}"
time="2026-09-14T19:10:30.922878284Z" level=debug msg="container mounted via layerStore: /home/ubuntu/ai-infra-book-experiments/ch11/11-02/docker-lifecycle/isolated-daemon/full-worker/data/overlay2/f66ce1c2dd62aa23efea0fff25a5f3afea5859e08ac07ecfe6469bbe5d358b5c/merged" container=569f71c3cd8facdaf1822b898539f091edec01f3a01d7b924cfebb3e1a89a340
time="2026-09-14T19:10:30.960239207Z" level=debug msg="Calling HEAD /_ping"
time="2026-09-14T19:10:30.960471973Z" level=debug msg="Calling HEAD /v1.43/containers/569f71c3cd8facdaf1822b898539f091edec01f3a01d7b924cfebb3e1a89a340/archive?path=%2Ftmp%2Fbook-worker.py"
time="2026-09-14T19:10:30.960985977Z" level=debug msg="container mounted via layerStore: /home/ubuntu/ai-infra-book-experiments/ch11/11-02/docker-lifecycle/isolated-daemon/full-worker/data/overlay2/f66ce1c2dd62aa23efea0fff25a5f3afea5859e08ac07ecfe6469bbe5d358b5c/merged" container=569f71c3cd8facdaf1822b898539f091edec01f3a01d7b924cfebb3e1a89a340
time="2026-09-14T19:10:30.967152305Z" level=debug msg="Calling PUT /v1.43/containers/569f71c3cd8facdaf1822b898539f091edec01f3a01d7b924cfebb3e1a89a340/archive?noOverwriteDirNonDir=true&path=%2Ftmp"
time="2026-09-14T19:10:30.967549540Z" level=debug msg="container mounted via layerStore: /home/ubuntu/ai-infra-book-experiments/ch11/11-02/docker-lifecycle/isolated-daemon/full-worker/data/overlay2/f66ce1c2dd62aa23efea0fff25a5f3afea5859e08ac07ecfe6469bbe5d358b5c/merged" container=569f71c3cd8facdaf1822b898539f091edec01f3a01d7b924cfebb3e1a89a340
time="2026-09-14T19:10:30.999484305Z" level=debug msg="Calling HEAD /_ping"
time="2026-09-14T19:10:30.999723132Z" level=debug msg="Calling POST /v1.43/containers/569f71c3cd8facdaf1822b898539f091edec01f3a01d7b924cfebb3e1a89a340/start"
time="2026-09-14T19:10:31.000090285Z" level=debug msg="container mounted via layerStore: /home/ubuntu/ai-infra-book-experiments/ch11/11-02/docker-lifecycle/isolated-daemon/full-worker/data/overlay2/f66ce1c2dd62aa23efea0fff25a5f3afea5859e08ac07ecfe6469bbe5d358b5c/merged" container=569f71c3cd8facdaf1822b898539f091edec01f3a01d7b924cfebb3e1a89a340
time="2026-09-14T19:10:31.029075281Z" level=debug msg="EnableService 569f71c3cd8facdaf1822b898539f091edec01f3a01d7b924cfebb3e1a89a340 START"
time="2026-09-14T19:10:31.029116389Z" level=debug msg="EnableService 569f71c3cd8facdaf1822b898539f091edec01f3a01d7b924cfebb3e1a89a340 DONE"
time="2026-09-14T19:10:31.033175942Z" level=debug msg="createSpec: cgroupsPath: system.slice:docker:569f71c3cd8facdaf1822b898539f091edec01f3a01d7b924cfebb3e1a89a340"
time="2026-09-14T19:10:31.033503682Z" level=debug msg="bundle dir created" bundle=/run/book1102-worker/containerd/569f71c3cd8facdaf1822b898539f091edec01f3a01d7b924cfebb3e1a89a340 module=libcontainerd namespace=book1102 root=/home/ubuntu/ai-infra-book-experiments/ch11/11-02/docker-lifecycle/isolated-daemon/full-worker/data/overlay2/f66ce1c2dd62aa23efea0fff25a5f3afea5859e08ac07ecfe6469bbe5d358b5c/merged
time="2026-09-14T19:10:31.092986582Z" level=debug msg=event module=libcontainerd namespace=book1102 topic=/tasks/create
time="2026-09-14T19:10:31.097987943Z" level=debug msg=event module=libcontainerd namespace=book1102 topic=/tasks/start
time="2026-09-14T19:10:31.114533944Z" level=debug msg="Calling HEAD /_ping"
time="2026-09-14T19:10:31.114811644Z" level=debug msg="Calling GET /v1.43/containers/569f71c3cd8facdaf1822b898539f091edec01f3a01d7b924cfebb3e1a89a340/json"
time="2026-09-14T19:10:31.124744152Z" level=debug msg="Calling HEAD /_ping"
time="2026-09-14T19:10:31.124960382Z" level=debug msg="Calling GET /v1.43/containers/569f71c3cd8facdaf1822b898539f091edec01f3a01d7b924cfebb3e1a89a340/json"
time="2026-09-14T19:10:31.125856000Z" level=debug msg="Calling POST /v1.43/containers/569f71c3cd8facdaf1822b898539f091edec01f3a01d7b924cfebb3e1a89a340/exec"
time="2026-09-14T19:10:31.125912720Z" level=debug msg="form data: {\"AttachStderr\":true,\"AttachStdin\":true,\"AttachStdout\":true,\"Cmd\":[\"python\",\"-u\",\"-c\",\"import socket,sys,time\\ns=socket.socket(socket.AF_UNIX)\\nfor i in range(100):\\n try:s.connect('/tmp/book-control.sock');break\\n except (FileNotFoundError,ConnectionRefusedError):time.sleep(.02)\\nprint('READY',flush=True)\\nfor line in sys.stdin.buffer:\\n s.sendall(line);data=b''\\n while not data.endswith(b'\\\\n'):\\n  chunk=s.recv(65536)\\n  if not chunk:raise RuntimeError('EOF')\\n  data+=chunk\\n sys.stdout.buffer.write(data);sys.stdout.buffer.flush()\\ns.close()\\n\"],\"Detach\":false,\"DetachKeys\":\"\",\"Env\":null,\"Privileged\":false,\"Tty\":false,\"User\":\"\",\"WorkingDir\":\"\"}"
time="2026-09-14T19:10:31.126144612Z" level=debug msg="Calling POST /v1.43/exec/21ce39c1bfad897137a6bf4d9cd799f5406fa25a77e3182b4cdd1801c42dd6d1/start"
time="2026-09-14T19:10:31.126183155Z" level=debug msg="form data: {\"Detach\":false,\"Tty\":false}"
time="2026-09-14T19:10:31.126250220Z" level=debug msg="starting exec command 21ce39c1bfad897137a6bf4d9cd799f5406fa25a77e3182b4cdd1801c42dd6d1 in container 569f71c3cd8facdaf1822b898539f091edec01f3a01d7b924cfebb3e1a89a340"
time="2026-09-14T19:10:31.126969508Z" level=debug msg="attach: stdout: begin"
time="2026-09-14T19:10:31.126972817Z" level=debug msg="attach: stderr: begin"
time="2026-09-14T19:10:31.126979512Z" level=debug msg="attach: stdin: begin"
time="2026-09-14T19:10:31.127726613Z" level=debug msg=event module=libcontainerd namespace=book1102 topic=/tasks/exec-added
time="2026-09-14T19:10:31.159204996Z" level=debug msg=event module=libcontainerd namespace=book1102 topic=/tasks/exec-started
time="2026-09-14T19:10:31.172065156Z" level=debug msg="Closing buffered stdin pipe"
time="2026-09-14T19:10:31.172102413Z" level=debug msg="attach: stdin: end"
time="2026-09-14T19:10:31.176426010Z" level=debug msg=event module=libcontainerd namespace=book1102 topic=/tasks/exit
time="2026-09-14T19:10:31.176553051Z" level=debug msg="attach: stdout: end"
time="2026-09-14T19:10:31.176553949Z" level=debug msg="attach: stderr: end"
time="2026-09-14T19:10:31.176573813Z" level=debug msg="attach done"
time="2026-09-14T19:10:31.176835358Z" level=debug msg="Calling GET /v1.43/exec/21ce39c1bfad897137a6bf4d9cd799f5406fa25a77e3182b4cdd1801c42dd6d1/json"
time="2026-09-14T19:10:31.188113914Z" level=debug msg="Calling HEAD /_ping"
time="2026-09-14T19:10:31.188422412Z" level=debug msg="Calling DELETE /v1.43/containers/129cae671460fa7c64653c74dacfdfe0456db1a1549dbc0f06ba0fd3f5d92d14?force=1"
time="2026-09-14T19:10:31.206948901Z" level=debug msg="Calling HEAD /_ping"
time="2026-09-14T19:10:31.207279257Z" level=debug msg="Calling DELETE /v1.43/containers/569f71c3cd8facdaf1822b898539f091edec01f3a01d7b924cfebb3e1a89a340?force=1"
time="2026-09-14T19:10:31.207309778Z" level=debug msg="Sending kill signal 9 to container 569f71c3cd8facdaf1822b898539f091edec01f3a01d7b924cfebb3e1a89a340"
time="2026-09-14T19:10:31.220946422Z" level=debug msg=event module=libcontainerd namespace=book1102 topic=/tasks/exit
time="2026-09-14T19:10:31.228013119Z" level=debug msg=event module=libcontainerd namespace=book1102 topic=/tasks/delete
time="2026-09-14T19:10:31.228037377Z" level=info msg="ignoring event" container=569f71c3cd8facdaf1822b898539f091edec01f3a01d7b924cfebb3e1a89a340 module=libcontainerd namespace=book1102 topic=/tasks/delete type="*events.TaskDelete"
time="2026-09-14T19:10:31.302240964Z" level=debug msg="Calling HEAD /_ping"
time="2026-09-14T19:10:31.302530669Z" level=debug msg="Calling DELETE /v1.43/images/book1102-abb7f011d6:t0-filesystem"
time="2026-09-14T19:10:31.319510345Z" level=debug msg="Calling HEAD /_ping"
time="2026-09-14T19:10:31.319793767Z" level=debug msg="Calling DELETE /v1.43/images/book1102-abb7f011d6:t0-checkpoint"
time="2026-09-14T19:10:31.335236664Z" level=debug msg="Calling HEAD /_ping"
time="2026-09-14T19:10:31.335515417Z" level=debug msg="Calling DELETE /v1.43/images/book1102-abb7f011d6:t1-checkpoint"
time="2026-09-14T19:10:31.354073539Z" level=debug msg="Calling HEAD /_ping"
time="2026-09-14T19:10:31.354365078Z" level=debug msg="Calling DELETE /v1.43/images/book1102-abb7f011d6:t1-filesystem"
time="2026-09-14T19:10:31.368919830Z" level=debug msg="Calling HEAD /_ping"
time="2026-09-14T19:10:31.369233022Z" level=debug msg="Calling DELETE /v1.43/images/book1102-abb7f011d6:t2-filesystem"
time="2026-09-14T19:10:31.386075337Z" level=debug msg="Calling HEAD /_ping"
time="2026-09-14T19:10:31.386346339Z" level=debug msg="Calling DELETE /v1.43/images/book1102-abb7f011d6:t2-checkpoint"
time="2026-09-14T19:10:31.400846707Z" level=debug msg="Calling HEAD /_ping"
time="2026-09-14T19:10:31.401077927Z" level=debug msg="Calling GET /v1.43/containers/json?all=1&filters=%7B%22label%22%3A%7B%22book.experiment%3Dbook1102-abb7f011d6%22%3Atrue%7D%7D"
time="2026-09-14T19:10:31.409049363Z" level=info msg="Processing signal 'terminated'"
time="2026-09-14T19:10:31.409197294Z" level=debug msg="daemon configured with a 15 seconds minimum shutdown timeout"
time="2026-09-14T19:10:31.409216511Z" level=debug msg="start clean shutdown of all containers with a 15 seconds timeout..."
time="2026-09-14T19:10:31.410019453Z" level=debug msg="Unix socket /run/book1102-worker/libnetwork/0d1da3ae444e.sock doesn't exist. cannot accept client connections"
time="2026-09-14T19:10:31.410070749Z" level=debug msg="Cleaning up old mountid : start."
time="2026-09-14T19:10:31.410124201Z" level=info msg="stopping event stream following graceful shutdown" error="<nil>" module=libcontainerd namespace=book1102
time="2026-09-14T19:10:31.410462362Z" level=debug msg="Cleaning up old mountid : done."
time="2026-09-14T19:10:31.410720291Z" level=debug msg="Clean shutdown succeeded"
time="2026-09-14T19:10:31.410735569Z" level=info msg="Daemon shutdown complete"
time="2026-09-14T19:10:31.410774133Z" level=info msg="stopping event stream following graceful shutdown" error="context canceled" module=libcontainerd namespace=plugins.moby
